customer_id,invoice_id
CUST-001,INV-0001
CUST-001,INV-0002
CUST-001,INV-0003
CUST-001,INV-0004
CUST-002,INV-0005
CUST-002,INV-0006
CUST-002,INV-0007
CUST-002,INV-0008
CUST-002,INV-0009
CUST-002,INV-0010
CUST-003,INV-0011
CUST-003,INV-0012
CUST-003,INV-0013
CUST-003,INV-0014
CUST-003,INV-0015
CUST-003,INV-0016
CUST-003,INV-0017
CUST-003,INV-0018
CUST-004,INV-0019
CUST-004,INV-0020
CUST-004,INV-0021
CUST-004,INV-0022
CUST-004,INV-0023
CUST-004,INV-0024
CUST-005,INV-0025
CUST-005,INV-0026
CUST-005,INV-0027
CUST-005,INV-0028
CUST-005,INV-0029
CUST-005,INV-0030
CUST-005,INV-0031
CUST-006,INV-0032
CUST-006,INV-0033
CUST-006,INV-0034
CUST-006,INV-0035
CUST-007,INV-0036
CUST-007,INV-0037
CUST-007,INV-0038
CUST-007,INV-0039
CUST-007,INV-0040
CUST-008,INV-0041
CUST-008,INV-0042
CUST-008,INV-0043
CUST-008,INV-0044
CUST-008,INV-0045
CUST-009,INV-0046
CUST-009,INV-0047
CUST-009,INV-0048
CUST-009,INV-0049
CUST-009,INV-0050
CUST-009,INV-0051
CUST-010,INV-0052
CUST-010,INV-0053
CUST-010,INV-0054
CUST-010,INV-0055
CUST-010,INV-0056
CUST-011,INV-0057
CUST-011,INV-0058
CUST-011,INV-0059
CUST-011,INV-0060
CUST-011,INV-0061
CUST-011,INV-0062
CUST-012,INV-0063
CUST-012,INV-0064
CUST-012,INV-0065
CUST-012,INV-0066
CUST-012,INV-0067
CUST-012,INV-0068
CUST-012,INV-0069
CUST-012,INV-0070
CUST-013,INV-0071
CUST-013,INV-0072
CUST-013,INV-0073
CUST-013,INV-0074
CUST-013,INV-0075
CUST-014,INV-0076
CUST-014,INV-0077
CUST-014,INV-0078
CUST-014,INV-0079
CUST-014,INV-0080
CUST-014,INV-0081
CUST-014,INV-0082
CUST-014,INV-0083
CUST-015,INV-0084
CUST-015,INV-0085
CUST-015,INV-0086
CUST-015,INV-0087
CUST-015,INV-0088
CUST-016,INV-0089
CUST-016,INV-0090
CUST-016,INV-0091
CUST-016,INV-0092
CUST-016,INV-0093
CUST-016,INV-0094
CUST-017,INV-0095
CUST-017,INV-0096
CUST-017,INV-0097
CUST-017,INV-0098
CUST-017,INV-0099
CUST-017,INV-0100
CUST-017,INV-0101
CUST-018,INV-0102
CUST-018,INV-0103
CUST-018,INV-0104
CUST-018,INV-0105
CUST-018,INV-0106
CUST-018,INV-0107
CUST-019,INV-0108
CUST-019,INV-0109
CUST-019,INV-0110
CUST-019,INV-0111
CUST-019,INV-0112
CUST-020,INV-0113
CUST-020,INV-0114
CUST-020,INV-0115
CUST-020,INV-0116
CUST-020,INV-0117
CUST-020,INV-0118
CUST-020,INV-0119
CUST-020,INV-0120
CUST-021,INV-0121
CUST-021,INV-0122
CUST-021,INV-0123
CUST-021,INV-0124
CUST-021,INV-0125
CUST-021,INV-0126
CUST-021,INV-0127
CUST-022,INV-0128
CUST-022,INV-0129
CUST-022,INV-0130
CUST-022,INV-0131
CUST-023,INV-0132
CUST-023,INV-0133
CUST-023,INV-0134
CUST-023,INV-0135
CUST-023,INV-0136
CUST-023,INV-0137
CUST-023,INV-0138
CUST-023,INV-0139
CUST-024,INV-0140
CUST-024,INV-0141
CUST-024,INV-0142
CUST-024,INV-0143
CUST-024,INV-0144
CUST-024,INV-0145
CUST-025,INV-0146
CUST-025,INV-0147
CUST-025,INV-0148
CUST-025,INV-0149
CUST-025,INV-0150
CUST-025,INV-0151
CUST-025,INV-0152
CUST-025,INV-0153
CUST-026,INV-0154
CUST-026,INV-0155
CUST-026,INV-0156
CUST-026,INV-0157
CUST-026,INV-0158
CUST-026,INV-0159
CUST-026,INV-0160
CUST-027,INV-0161
CUST-027,INV-0162
CUST-027,INV-0163
CUST-027,INV-0164
CUST-027,INV-0165
CUST-027,INV-0166
CUST-027,INV-0167
CUST-028,INV-0168
CUST-028,INV-0169
CUST-028,INV-0170
CUST-028,INV-0171
CUST-028,INV-0172
CUST-028,INV-0173
CUST-029,INV-0174
CUST-029,INV-0175
CUST-029,INV-0176
CUST-029,INV-0177
CUST-030,INV-0178
CUST-030,INV-0179
CUST-030,INV-0180
CUST-030,INV-0181
CUST-030,INV-0182
CUST-030,INV-0183
CUST-030,INV-0184
CUST-030,INV-0185
CUST-031,INV-0186
CUST-031,INV-0187
CUST-031,INV-0188
CUST-031,INV-0189
CUST-031,INV-0190
CUST-032,INV-0191
CUST-032,INV-0192
CUST-032,INV-0193
CUST-032,INV-0194
CUST-033,INV-0195
CUST-033,INV-0196
CUST-033,INV-0197
CUST-033,INV-0198
CUST-033,INV-0199
CUST-034,INV-0200
CUST-034,INV-0201
CUST-034,INV-0202
CUST-034,INV-0203
CUST-034,INV-0204
CUST-034,INV-0205
CUST-034,INV-0206
CUST-034,INV-0207
CUST-035,INV-0208
CUST-035,INV-0209
CUST-035,INV-0210
CUST-035,INV-0211
CUST-036,INV-0212
CUST-036,INV-0213
CUST-036,INV-0214
CUST-036,INV-0215
CUST-036,INV-0216
CUST-037,INV-0217
CUST-037,INV-0218
CUST-037,INV-0219
CUST-037,INV-0220
CUST-038,INV-0221
CUST-038,INV-0222
CUST-038,INV-0223
CUST-038,INV-0224
CUST-038,INV-0225
CUST-038,INV-0226
CUST-038,INV-0227
CUST-038,INV-0228
CUST-039,INV-0229
CUST-039,INV-0230
CUST-039,INV-0231
CUST-039,INV-0232
CUST-039,INV-0233
CUST-039,INV-0234
CUST-040,INV-0235
CUST-040,INV-0236
CUST-040,INV-0237
CUST-040,INV-0238
CUST-040,INV-0239
CUST-041,INV-0240
CUST-041,INV-0241
CUST-041,INV-0242
CUST-041,INV-0243
CUST-041,INV-0244
CUST-042,INV-0245
CUST-042,INV-0246
CUST-042,INV-0247
CUST-042,INV-0248
CUST-042,INV-0249
CUST-042,INV-0250
CUST-042,INV-0251
CUST-043,INV-0252
CUST-043,INV-0253
CUST-043,INV-0254
CUST-043,INV-0255
CUST-043,INV-0256
CUST-044,INV-0257
CUST-044,INV-0258
CUST-044,INV-0259
CUST-044,INV-0260
CUST-044,INV-0261
CUST-044,INV-0262
CUST-044,INV-0263
CUST-045,INV-0264
CUST-045,INV-0265
CUST-045,INV-0266
CUST-045,INV-0267
CUST-045,INV-0268
CUST-045,INV-0269
CUST-045,INV-0270
CUST-045,INV-0271
CUST-046,INV-0272
CUST-046,INV-0273
CUST-046,INV-0274
CUST-046,INV-0275
CUST-046,INV-0276
CUST-046,INV-0277
CUST-046,INV-0278
CUST-047,INV-0279
CUST-047,INV-0280
CUST-047,INV-0281
CUST-047,INV-0282
CUST-047,INV-0283
CUST-048,INV-0284
CUST-048,INV-0285
CUST-048,INV-0286
CUST-048,INV-0287
CUST-048,INV-0288
CUST-048,INV-0289
CUST-049,INV-0290
CUST-049,INV-0291
CUST-049,INV-0292
CUST-049,INV-0293
CUST-049,INV-0294
CUST-049,INV-0295
CUST-049,INV-0296
CUST-050,INV-0297
CUST-050,INV-0298
CUST-050,INV-0299
CUST-050,INV-0300
CUST-050,INV-0301
CUST-050,INV-0302
CUST-050,INV-0303
CUST-050,INV-0304
CUST-051,INV-0305
CUST-051,INV-0306
CUST-051,INV-0307
CUST-051,INV-0308
CUST-051,INV-0309
CUST-051,INV-0310
CUST-051,INV-0311
CUST-051,INV-0312
CUST-052,INV-0313
CUST-052,INV-0314
CUST-052,INV-0315
CUST-052,INV-0316
CUST-053,INV-0317
CUST-053,INV-0318
CUST-053,INV-0319
CUST-053,INV-0320
CUST-053,INV-0321
CUST-053,INV-0322
CUST-053,INV-0323
CUST-053,INV-0324
CUST-054,INV-0325
CUST-054,INV-0326
CUST-054,INV-0327
CUST-054,INV-0328
CUST-055,INV-0329
CUST-055,INV-0330
CUST-055,INV-0331
CUST-055,INV-0332
CUST-055,INV-0333
CUST-055,INV-0334
CUST-056,INV-0335
CUST-056,INV-0336
CUST-056,INV-0337
CUST-056,INV-0338
CUST-056,INV-0339
CUST-056,INV-0340
CUST-056,INV-0341
CUST-057,INV-0342
CUST-057,INV-0343
CUST-057,INV-0344
CUST-057,INV-0345
CUST-057,INV-0346
CUST-058,INV-0347
CUST-058,INV-0348
CUST-058,INV-0349
CUST-058,INV-0350
CUST-059,INV-0351
CUST-059,INV-0352
CUST-059,INV-0353
CUST-059,INV-0354
CUST-059,INV-0355
CUST-059,INV-0356
CUST-059,INV-0357
CUST-059,INV-0358
CUST-060,INV-0359
CUST-060,INV-0360
CUST-060,INV-0361
CUST-060,INV-0362
CUST-061,INV-0363
CUST-061,INV-0364
CUST-061,INV-0365
CUST-061,INV-0366
CUST-061,INV-0367
CUST-062,INV-0368
CUST-062,INV-0369
CUST-062,INV-0370
CUST-062,INV-0371
CUST-063,INV-0372
CUST-063,INV-0373
CUST-063,INV-0374
CUST-063,INV-0375
CUST-064,INV-0376
CUST-064,INV-0377
CUST-064,INV-0378
CUST-064,INV-0379
CUST-064,INV-0380
CUST-064,INV-0381
CUST-065,INV-0382
CUST-065,INV-0383
CUST-065,INV-0384
CUST-065,INV-0385
CUST-065,INV-0386
CUST-066,INV-0387
CUST-066,INV-0388
CUST-066,INV-0389
CUST-066,INV-0390
CUST-066,INV-0391
CUST-066,INV-0392
CUST-066,INV-0393
CUST-067,INV-0394
CUST-067,INV-0395
CUST-067,INV-0396
CUST-067,INV-0397
CUST-067,INV-0398
CUST-067,INV-0399
CUST-067,INV-0400
CUST-068,INV-0401
CUST-068,INV-0402
CUST-068,INV-0403
CUST-068,INV-0404
CUST-068,INV-0405
CUST-068,INV-0406
CUST-068,INV-0407
CUST-068,INV-0408
CUST-069,INV-0409
CUST-069,INV-0410
CUST-069,INV-0411
CUST-069,INV-0412
CUST-069,INV-0413
CUST-069,INV-0414
CUST-070,INV-0415
CUST-070,INV-0416
CUST-070,INV-0417
CUST-070,INV-0418
CUST-070,INV-0419
CUST-070,INV-0420
CUST-070,INV-0421
CUST-070,INV-0422
CUST-071,INV-0423
CUST-071,INV-0424
CUST-071,INV-0425
CUST-071,INV-0426
CUST-071,INV-0427
CUST-072,INV-0428
CUST-072,INV-0429
CUST-072,INV-0430
CUST-072,INV-0431
CUST-073,INV-0432
CUST-073,INV-0433
CUST-073,INV-0434
CUST-073,INV-0435
CUST-073,INV-0436
CUST-073,INV-0437
CUST-073,INV-0438
CUST-074,INV-0439
CUST-074,INV-0440
CUST-074,INV-0441
CUST-074,INV-0442
CUST-074,INV-0443
CUST-075,INV-0444
CUST-075,INV-0445
CUST-075,INV-0446
CUST-075,INV-0447
CUST-075,INV-0448
CUST-075,INV-0449
CUST-076,INV-0450
CUST-076,INV-0451
CUST-076,INV-0452
CUST-076,INV-0453
CUST-076,INV-0454
CUST-076,INV-0455
CUST-076,INV-0456
CUST-076,INV-0457
CUST-077,INV-0458
CUST-077,INV-0459
CUST-077,INV-0460
CUST-077,INV-0461
CUST-078,INV-0462
CUST-078,INV-0463
CUST-078,INV-0464
CUST-078,INV-0465
CUST-079,INV-0466
CUST-079,INV-0467
CUST-079,INV-0468
CUST-079,INV-0469
CUST-079,INV-0470
CUST-080,INV-0471
CUST-080,INV-0472
CUST-080,INV-0473
CUST-080,INV-0474
CUST-080,INV-0475
CUST-080,INV-0476
CUST-080,INV-0477
CUST-081,INV-0478
CUST-081,INV-0479
CUST-081,INV-0480
CUST-081,INV-0481
CUST-081,INV-0482
CUST-081,INV-0483
CUST-082,INV-0484
CUST-082,INV-0485
CUST-082,INV-0486
CUST-082,INV-0487
CUST-083,INV-0488
CUST-083,INV-0489
CUST-083,INV-0490
CUST-083,INV-0491
CUST-083,INV-0492
CUST-083,INV-0493
CUST-083,INV-0494
CUST-083,INV-0495
CUST-084,INV-0496
CUST-084,INV-0497
CUST-084,INV-0498
CUST-084,INV-0499
CUST-084,INV-0500
CUST-084,INV-0501
CUST-084,INV-0502
CUST-085,INV-0503
CUST-085,INV-0504
CUST-085,INV-0505
CUST-085,INV-0506
CUST-085,INV-0507
CUST-085,INV-0508
CUST-085,INV-0509
CUST-086,INV-0510
CUST-086,INV-0511
CUST-086,INV-0512
CUST-086,INV-0513
CUST-086,INV-0514
CUST-086,INV-0515
CUST-087,INV-0516
CUST-087,INV-0517
CUST-087,INV-0518
CUST-087,INV-0519
CUST-088,INV-0520
CUST-088,INV-0521
CUST-088,INV-0522
CUST-088,INV-0523
CUST-089,INV-0524
CUST-089,INV-0525
CUST-089,INV-0526
CUST-089,INV-0527
CUST-089,INV-0528
CUST-090,INV-0529
CUST-090,INV-0530
CUST-090,INV-0531
CUST-090,INV-0532
CUST-091,INV-0533
CUST-091,INV-0534
CUST-091,INV-0535
CUST-091,INV-0536
CUST-091,INV-0537
CUST-092,INV-0538
CUST-092,INV-0539
CUST-092,INV-0540
CUST-092,INV-0541
CUST-093,INV-0542
CUST-093,INV-0543
CUST-093,INV-0544
CUST-093,INV-0545
CUST-093,INV-0546
CUST-093,INV-0547
CUST-093,INV-0548
CUST-094,INV-0549
CUST-094,INV-0550
CUST-094,INV-0551
CUST-094,INV-0552
CUST-094,INV-0553
CUST-095,INV-0554
CUST-095,INV-0555
CUST-095,INV-0556
CUST-095,INV-0557
CUST-096,INV-0558
CUST-096,INV-0559
CUST-096,INV-0560
CUST-096,INV-0561
CUST-096,INV-0562
CUST-096,INV-0563
CUST-096,INV-0564
CUST-097,INV-0565
CUST-097,INV-0566
CUST-097,INV-0567
CUST-097,INV-0568
CUST-097,INV-0569
CUST-097,INV-0570
CUST-097,INV-0571
CUST-097,INV-0572
CUST-098,INV-0573
CUST-098,INV-0574
CUST-098,INV-0575
CUST-098,INV-0576
CUST-098,INV-0577
CUST-098,INV-0578
CUST-098,INV-0579
CUST-098,INV-0580
CUST-099,INV-0581
CUST-099,INV-0582
CUST-099,INV-0583
CUST-099,INV-0584
CUST-099,INV-0585
CUST-099,INV-0586
CUST-099,INV-0587
CUST-100,INV-0588
CUST-100,INV-0589
CUST-100,INV-0590
CUST-100,INV-0591
CUST-100,INV-0592
CUST-101,INV-0593
CUST-101,INV-0594
CUST-101,INV-0595
CUST-101,INV-0596
CUST-101,INV-0597
CUST-102,INV-0598
CUST-102,INV-0599
CUST-102,INV-0600
CUST-102,INV-0601
CUST-102,INV-0602
CUST-102,INV-0603
CUST-102,INV-0604
CUST-103,INV-0605
CUST-103,INV-0606
CUST-103,INV-0607
CUST-103,INV-0608
CUST-104,INV-0609
CUST-104,INV-0610
CUST-104,INV-0611
CUST-104,INV-0612
CUST-104,INV-0613
CUST-104,INV-0614
CUST-104,INV-0615
CUST-105,INV-0616
CUST-105,INV-0617
CUST-105,INV-0618
CUST-105,INV-0619
CUST-106,INV-0620
CUST-106,INV-0621
CUST-106,INV-0622
CUST-106,INV-0623
CUST-106,INV-0624
CUST-106,INV-0625
CUST-106,INV-0626
CUST-106,INV-0627
CUST-107,INV-0628
CUST-107,INV-0629
CUST-107,INV-0630
CUST-107,INV-0631
CUST-107,INV-0632
CUST-107,INV-0633
CUST-107,INV-0634
CUST-108,INV-0635
CUST-108,INV-0636
CUST-108,INV-0637
CUST-108,INV-0638
CUST-109,INV-0639
CUST-109,INV-0640
CUST-109,INV-0641
CUST-109,INV-0642
CUST-109,INV-0643
CUST-109,INV-0644
CUST-109,INV-0645
CUST-109,INV-0646
CUST-110,INV-0647
CUST-110,INV-0648
CUST-110,INV-0649
CUST-110,INV-0650
CUST-110,INV-0651
CUST-110,INV-0652
CUST-111,INV-0653
CUST-111,INV-0654
CUST-111,INV-0655
CUST-111,INV-0656
CUST-111,INV-0657
CUST-112,INV-0658
CUST-112,INV-0659
CUST-112,INV-0660
CUST-112,INV-0661
CUST-112,INV-0662
CUST-112,INV-0663
CUST-113,INV-0664
CUST-113,INV-0665
CUST-113,INV-0666
CUST-113,INV-0667
CUST-113,INV-0668
CUST-113,INV-0669
CUST-114,INV-0670
CUST-114,INV-0671
CUST-114,INV-0672
CUST-114,INV-0673
CUST-114,INV-0674
CUST-114,INV-0675
CUST-115,INV-0676
CUST-115,INV-0677
CUST-115,INV-0678
CUST-115,INV-0679
CUST-116,INV-0680
CUST-116,INV-0681
CUST-116,INV-0682
CUST-116,INV-0683
CUST-116,INV-0684
CUST-116,INV-0685
CUST-116,INV-0686
CUST-116,INV-0687
CUST-117,INV-0688
CUST-117,INV-0689
CUST-117,INV-0690
CUST-117,INV-0691
CUST-117,INV-0692
CUST-117,INV-0693
CUST-118,INV-0694
CUST-118,INV-0695
CUST-118,INV-0696
CUST-118,INV-0697
CUST-118,INV-0698
CUST-119,INV-0699
CUST-119,INV-0700
CUST-119,INV-0701
CUST-119,INV-0702
CUST-119,INV-0703
CUST-120,INV-0704
CUST-120,INV-0705
CUST-120,INV-0706
CUST-120,INV-0707
CUST-120,INV-0708
CUST-120,INV-0709
CUST-121,INV-0710
CUST-121,INV-0711
CUST-121,INV-0712
CUST-121,INV-0713
CUST-122,INV-0714
CUST-122,INV-0715
CUST-122,INV-0716
CUST-122,INV-0717
CUST-122,INV-0718
CUST-122,INV-0719
CUST-122,INV-0720
CUST-122,INV-0721
CUST-123,INV-0722
CUST-123,INV-0723
CUST-123,INV-0724
CUST-123,INV-0725
CUST-123,INV-0726
CUST-124,INV-0727
CUST-124,INV-0728
CUST-124,INV-0729
CUST-124,INV-0730
CUST-125,INV-0731
CUST-125,INV-0732
CUST-125,INV-0733
CUST-125,INV-0734
CUST-126,INV-0735
CUST-126,INV-0736
CUST-126,INV-0737
CUST-126,INV-0738
CUST-127,INV-0739
CUST-127,INV-0740
CUST-127,INV-0741
CUST-127,INV-0742
CUST-127,INV-0743
CUST-128,INV-0744
CUST-128,INV-0745
CUST-128,INV-0746
CUST-128,INV-0747
CUST-128,INV-0748
CUST-128,INV-0749
CUST-129,INV-0750
CUST-129,INV-0751
CUST-129,INV-0752
CUST-129,INV-0753
CUST-129,INV-0754
CUST-129,INV-0755
CUST-129,INV-0756
CUST-130,INV-0757
CUST-130,INV-0758
CUST-130,INV-0759
CUST-130,INV-0760
CUST-130,INV-0761
CUST-130,INV-0762
CUST-130,INV-0763
CUST-131,INV-0764
CUST-131,INV-0765
CUST-131,INV-0766
CUST-131,INV-0767
CUST-131,INV-0768
CUST-131,INV-0769
CUST-131,INV-0770
CUST-131,INV-0771
CUST-132,INV-0772
CUST-132,INV-0773
CUST-132,INV-0774
CUST-132,INV-0775
CUST-132,INV-0776
CUST-132,INV-0777
CUST-132,INV-0778
CUST-132,INV-0779
CUST-133,INV-0780
CUST-133,INV-0781
CUST-133,INV-0782
CUST-133,INV-0783
CUST-133,INV-0784
CUST-133,INV-0785
CUST-133,INV-0786
CUST-134,INV-0787
CUST-134,INV-0788
CUST-134,INV-0789
CUST-134,INV-0790
CUST-134,INV-0791
CUST-135,INV-0792
CUST-135,INV-0793
CUST-135,INV-0794
CUST-135,INV-0795
CUST-135,INV-0796
CUST-135,INV-0797
CUST-135,INV-0798
CUST-136,INV-0799
CUST-136,INV-0800
CUST-136,INV-0801
CUST-136,INV-0802
CUST-136,INV-0803
CUST-136,INV-0804
CUST-137,INV-0805
CUST-137,INV-0806
CUST-137,INV-0807
CUST-137,INV-0808
CUST-137,INV-0809
CUST-137,INV-0810
CUST-137,INV-0811
CUST-138,INV-0812
CUST-138,INV-0813
CUST-138,INV-0814
CUST-138,INV-0815
CUST-138,INV-0816
CUST-138,INV-0817
CUST-139,INV-0818
CUST-139,INV-0819
CUST-139,INV-0820
CUST-139,INV-0821
CUST-139,INV-0822
CUST-139,INV-0823
CUST-140,INV-0824
CUST-140,INV-0825
CUST-140,INV-0826
CUST-140,INV-0827
CUST-140,INV-0828
CUST-140,INV-0829
CUST-140,INV-0830
CUST-140,INV-0831
CUST-141,INV-0832
CUST-141,INV-0833
CUST-141,INV-0834
CUST-141,INV-0835
CUST-141,INV-0836
CUST-141,INV-0837
CUST-142,INV-0838
CUST-142,INV-0839
CUST-142,INV-0840
CUST-142,INV-0841
CUST-142,INV-0842
CUST-142,INV-0843
CUST-143,INV-0844
CUST-143,INV-0845
CUST-143,INV-0846
CUST-143,INV-0847
CUST-144,INV-0848
CUST-144,INV-0849
CUST-144,INV-0850
CUST-144,INV-0851
CUST-144,INV-0852
CUST-144,INV-0853
CUST-144,INV-0854
CUST-144,INV-0855
CUST-145,INV-0856
CUST-145,INV-0857
CUST-145,INV-0858
CUST-145,INV-0859
CUST-145,INV-0860
CUST-145,INV-0861
CUST-146,INV-0862
CUST-146,INV-0863
CUST-146,INV-0864
CUST-146,INV-0865
CUST-146,INV-0866
CUST-147,INV-0867
CUST-147,INV-0868
CUST-147,INV-0869
CUST-147,INV-0870
CUST-147,INV-0871
CUST-147,INV-0872
CUST-148,INV-0873
CUST-148,INV-0874
CUST-148,INV-0875
CUST-148,INV-0876
CUST-148,INV-0877
CUST-148,INV-0878
CUST-148,INV-0879
CUST-149,INV-0880
CUST-149,INV-0881
CUST-149,INV-0882
CUST-149,INV-0883
CUST-149,INV-0884
CUST-149,INV-0885
CUST-150,INV-0886
CUST-150,INV-0887
CUST-150,INV-0888
CUST-150,INV-0889
CUST-150,INV-0890
CUST-150,INV-0891
CUST-151,INV-0892
CUST-151,INV-0893
CUST-151,INV-0894
CUST-151,INV-0895
CUST-152,INV-0896
CUST-152,INV-0897
CUST-152,INV-0898
CUST-152,INV-0899
CUST-152,INV-0900
CUST-152,INV-0901
CUST-152,INV-0902
CUST-153,INV-0903
CUST-153,INV-0904
CUST-153,INV-0905
CUST-153,INV-0906
CUST-153,INV-0907
CUST-153,INV-0908
CUST-154,INV-0909
CUST-154,INV-0910
CUST-154,INV-0911
CUST-154,INV-0912
CUST-154,INV-0913
CUST-154,INV-0914
CUST-155,INV-0915
CUST-155,INV-0916
CUST-155,INV-0917
CUST-155,INV-0918
CUST-155,INV-0919
CUST-155,INV-0920
CUST-156,INV-0921
CUST-156,INV-0922
CUST-156,INV-0923
CUST-156,INV-0924
CUST-156,INV-0925
CUST-156,INV-0926
CUST-157,INV-0927
CUST-157,INV-0928
CUST-157,INV-0929
CUST-157,INV-0930
CUST-157,INV-0931
CUST-157,INV-0932
CUST-157,INV-0933
CUST-158,INV-0934
CUST-158,INV-0935
CUST-158,INV-0936
CUST-158,INV-0937
CUST-158,INV-0938
CUST-158,INV-0939
CUST-159,INV-0940
CUST-159,INV-0941
CUST-159,INV-0942
CUST-159,INV-0943
CUST-159,INV-0944
CUST-159,INV-0945
CUST-159,INV-0946
CUST-160,INV-0947
CUST-160,INV-0948
CUST-160,INV-0949
CUST-160,INV-0950
CUST-161,INV-0951
CUST-161,INV-0952
CUST-161,INV-0953
CUST-161,INV-0954
CUST-162,INV-0955
CUST-162,INV-0956
CUST-162,INV-0957
CUST-162,INV-0958
CUST-162,INV-0959
CUST-162,INV-0960
CUST-163,INV-0961
CUST-163,INV-0962
CUST-163,INV-0963
CUST-163,INV-0964
CUST-163,INV-0965
CUST-163,INV-0966
CUST-163,INV-0967
CUST-164,INV-0968
CUST-164,INV-0969
CUST-164,INV-0970
CUST-164,INV-0971
CUST-164,INV-0972
CUST-164,INV-0973
CUST-164,INV-0974
CUST-164,INV-0975
CUST-165,INV-0976
CUST-165,INV-0977
CUST-165,INV-0978
CUST-165,INV-0979
CUST-165,INV-0980
CUST-165,INV-0981
CUST-165,INV-0982
CUST-165,INV-0983
CUST-166,INV-0984
CUST-166,INV-0985
CUST-166,INV-0986
CUST-166,INV-0987
CUST-167,INV-0988
CUST-167,INV-0989
CUST-167,INV-0990
CUST-167,INV-0991
CUST-167,INV-0992
CUST-167,INV-0993
CUST-167,INV-0994
CUST-168,INV-0995
CUST-168,INV-0996
CUST-168,INV-0997
CUST-168,INV-0998
CUST-168,INV-0999
CUST-169,INV-1000
CUST-169,INV-1001
CUST-169,INV-1002
CUST-169,INV-1003
CUST-169,INV-1004
CUST-169,INV-1005
CUST-169,INV-1006
CUST-169,INV-1007
CUST-170,INV-1008
CUST-170,INV-1009
CUST-170,INV-1010
CUST-170,INV-1011
CUST-170,INV-1012
CUST-170,INV-1013
CUST-171,INV-1014
CUST-171,INV-1015
CUST-171,INV-1016
CUST-171,INV-1017
CUST-171,INV-1018
CUST-172,INV-1019
CUST-172,INV-1020
CUST-172,INV-1021
CUST-172,INV-1022
CUST-172,INV-1023
CUST-173,INV-1024
CUST-173,INV-1025
CUST-173,INV-1026
CUST-173,INV-1027
CUST-174,INV-1028
CUST-174,INV-1029
CUST-174,INV-1030
CUST-174,INV-1031
CUST-175,INV-1032
CUST-175,INV-1033
CUST-175,INV-1034
CUST-175,INV-1035
CUST-175,INV-1036
CUST-175,INV-1037
CUST-175,INV-1038
CUST-175,INV-1039
CUST-176,INV-1040
CUST-176,INV-1041
CUST-176,INV-1042
CUST-176,INV-1043
CUST-176,INV-1044
CUST-177,INV-1045
CUST-177,INV-1046
CUST-177,INV-1047
CUST-177,INV-1048
CUST-177,INV-1049
CUST-177,INV-1050
CUST-177,INV-1051
CUST-178,INV-1052
CUST-178,INV-1053
CUST-178,INV-1054
CUST-178,INV-1055
CUST-178,INV-1056
CUST-178,INV-1057
CUST-178,INV-1058
CUST-178,INV-1059
CUST-179,INV-1060
CUST-179,INV-1061
CUST-179,INV-1062
CUST-179,INV-1063
CUST-179,INV-1064
CUST-179,INV-1065
CUST-179,INV-1066
CUST-179,INV-1067
CUST-180,INV-1068
CUST-180,INV-1069
CUST-180,INV-1070
CUST-180,INV-1071
CUST-180,INV-1072
CUST-181,INV-1073
CUST-181,INV-1074
CUST-181,INV-1075
CUST-181,INV-1076
CUST-182,INV-1077
CUST-182,INV-1078
CUST-182,INV-1079
CUST-182,INV-1080
CUST-182,INV-1081
CUST-182,INV-1082
CUST-182,INV-1083
CUST-182,INV-1084
CUST-183,INV-1085
CUST-183,INV-1086
CUST-183,INV-1087
CUST-183,INV-1088
CUST-183,INV-1089
CUST-183,INV-1090
CUST-183,INV-1091
CUST-184,INV-1092
CUST-184,INV-1093
CUST-184,INV-1094
CUST-184,INV-1095
CUST-184,INV-1096
CUST-184,INV-1097
CUST-184,INV-1098
CUST-185,INV-1099
CUST-185,INV-1100
CUST-185,INV-1101
CUST-185,INV-1102
CUST-185,INV-1103
CUST-185,INV-1104
CUST-186,INV-1105
CUST-186,INV-1106
CUST-186,INV-1107
CUST-186,INV-1108
CUST-187,INV-1109
CUST-187,INV-1110
CUST-187,INV-1111
CUST-187,INV-1112
CUST-187,INV-1113
CUST-188,INV-1114
CUST-188,INV-1115
CUST-188,INV-1116
CUST-188,INV-1117
CUST-188,INV-1118
CUST-188,INV-1119
CUST-188,INV-1120
CUST-189,INV-1121
CUST-189,INV-1122
CUST-189,INV-1123
CUST-189,INV-1124
CUST-189,INV-1125
CUST-189,INV-1126
CUST-189,INV-1127
CUST-189,INV-1128
CUST-190,INV-1129
CUST-190,INV-1130
CUST-190,INV-1131
CUST-190,INV-1132
CUST-190,INV-1133
CUST-191,INV-1134
CUST-191,INV-1135
CUST-191,INV-1136
CUST-191,INV-1137
CUST-191,INV-1138
CUST-192,INV-1139
CUST-192,INV-1140
CUST-192,INV-1141
CUST-192,INV-1142
CUST-193,INV-1143
CUST-193,INV-1144
CUST-193,INV-1145
CUST-193,INV-1146
CUST-193,INV-1147
CUST-193,INV-1148
CUST-193,INV-1149
CUST-193,INV-1150
CUST-194,INV-1151
CUST-194,INV-1152
CUST-194,INV-1153
CUST-194,INV-1154
CUST-195,INV-1155
CUST-195,INV-1156
CUST-195,INV-1157
CUST-195,INV-1158
CUST-196,INV-1159
CUST-196,INV-1160
CUST-196,INV-1161
CUST-196,INV-1162
CUST-196,INV-1163
CUST-196,INV-1164
CUST-197,INV-1165
CUST-197,INV-1166
CUST-197,INV-1167
CUST-197,INV-1168
CUST-197,INV-1169
CUST-197,INV-1170
CUST-197,INV-1171
CUST-198,INV-1172
CUST-198,INV-1173
CUST-198,INV-1174
CUST-198,INV-1175
CUST-198,INV-1176
CUST-198,INV-1177
CUST-198,INV-1178
CUST-198,INV-1179
CUST-199,INV-1180
CUST-199,INV-1181
CUST-199,INV-1182
CUST-199,INV-1183
CUST-199,INV-1184
CUST-200,INV-1185
CUST-200,INV-1186
CUST-200,INV-1187
CUST-200,INV-1188
CUST-200,INV-1189
CUST-200,INV-1190
CUST-200,INV-1191
CUST-200,INV-1192
CUST-201,INV-1193
CUST-201,INV-1194
CUST-201,INV-1195
CUST-201,INV-1196
CUST-202,INV-1197
CUST-202,INV-1198
CUST-202,INV-1199
CUST-202,INV-1200
CUST-202,INV-1201
CUST-202,INV-1202
CUST-202,INV-1203
CUST-202,INV-1204
CUST-203,INV-1205
CUST-203,INV-1206
CUST-203,INV-1207
CUST-203,INV-1208
CUST-204,INV-1209
CUST-204,INV-1210
CUST-204,INV-1211
CUST-204,INV-1212
CUST-204,INV-1213
CUST-204,INV-1214
CUST-204,INV-1215
CUST-204,INV-1216
CUST-205,INV-1217
CUST-205,INV-1218
CUST-205,INV-1219
CUST-205,INV-1220
CUST-206,INV-1221
CUST-206,INV-1222
CUST-206,INV-1223
CUST-206,INV-1224
CUST-206,INV-1225
CUST-206,INV-1226
CUST-206,INV-1227
CUST-207,INV-1228
CUST-207,INV-1229
CUST-207,INV-1230
CUST-207,INV-1231
CUST-207,INV-1232
CUST-207,INV-1233
CUST-207,INV-1234
CUST-208,INV-1235
CUST-208,INV-1236
CUST-208,INV-1237
CUST-208,INV-1238
CUST-208,INV-1239
CUST-208,INV-1240
CUST-208,INV-1241
CUST-208,INV-1242
CUST-209,INV-1243
CUST-209,INV-1244
CUST-209,INV-1245
CUST-209,INV-1246
CUST-209,INV-1247
CUST-209,INV-1248
CUST-210,INV-1249
CUST-210,INV-1250
CUST-210,INV-1251
CUST-210,INV-1252
CUST-210,INV-1253
CUST-210,INV-1254
CUST-210,INV-1255
CUST-211,INV-1256
CUST-211,INV-1257
CUST-211,INV-1258
CUST-211,INV-1259
CUST-211,INV-1260
CUST-211,INV-1261
CUST-212,INV-1262
CUST-212,INV-1263
CUST-212,INV-1264
CUST-212,INV-1265
CUST-212,INV-1266
CUST-212,INV-1267
CUST-213,INV-1268
CUST-213,INV-1269
CUST-213,INV-1270
CUST-213,INV-1271
CUST-213,INV-1272
CUST-213,INV-1273
CUST-213,INV-1274
CUST-214,INV-1275
CUST-214,INV-1276
CUST-214,INV-1277
CUST-214,INV-1278
CUST-215,INV-1279
CUST-215,INV-1280
CUST-215,INV-1281
CUST-215,INV-1282
CUST-215,INV-1283
CUST-215,INV-1284
CUST-215,INV-1285
CUST-216,INV-1286
CUST-216,INV-1287
CUST-216,INV-1288
CUST-216,INV-1289
CUST-217,INV-1290
CUST-217,INV-1291
CUST-217,INV-1292
CUST-217,INV-1293
CUST-217,INV-1294
CUST-217,INV-1295
CUST-218,INV-1296
CUST-218,INV-1297
CUST-218,INV-1298
CUST-218,INV-1299
CUST-218,INV-1300
CUST-218,INV-1301
CUST-219,INV-1302
CUST-219,INV-1303
CUST-219,INV-1304
CUST-219,INV-1305
CUST-219,INV-1306
CUST-219,INV-1307
CUST-219,INV-1308
CUST-220,INV-1309
CUST-220,INV-1310
CUST-220,INV-1311
CUST-220,INV-1312
CUST-220,INV-1313
CUST-221,INV-1314
CUST-221,INV-1315
CUST-221,INV-1316
CUST-221,INV-1317
CUST-221,INV-1318
CUST-221,INV-1319
CUST-222,INV-1320
CUST-222,INV-1321
CUST-222,INV-1322
CUST-222,INV-1323
CUST-222,INV-1324
CUST-222,INV-1325
CUST-222,INV-1326
CUST-222,INV-1327
CUST-223,INV-1328
CUST-223,INV-1329
CUST-223,INV-1330
CUST-223,INV-1331
CUST-223,INV-1332
CUST-223,INV-1333
CUST-224,INV-1334
CUST-224,INV-1335
CUST-224,INV-1336
CUST-224,INV-1337
CUST-224,INV-1338
CUST-224,INV-1339
CUST-224,INV-1340
CUST-225,INV-1341
CUST-225,INV-1342
CUST-225,INV-1343
CUST-225,INV-1344
CUST-225,INV-1345
CUST-225,INV-1346
CUST-225,INV-1347
CUST-225,INV-1348
CUST-226,INV-1349
CUST-226,INV-1350
CUST-226,INV-1351
CUST-226,INV-1352
CUST-226,INV-1353
CUST-226,INV-1354
CUST-226,INV-1355
CUST-227,INV-1356
CUST-227,INV-1357
CUST-227,INV-1358
CUST-227,INV-1359
CUST-227,INV-1360
CUST-227,INV-1361
CUST-227,INV-1362
CUST-228,INV-1363
CUST-228,INV-1364
CUST-228,INV-1365
CUST-228,INV-1366
CUST-228,INV-1367
CUST-228,INV-1368
CUST-228,INV-1369
CUST-229,INV-1370
CUST-229,INV-1371
CUST-229,INV-1372
CUST-229,INV-1373
CUST-229,INV-1374
CUST-229,INV-1375
CUST-230,INV-1376
CUST-230,INV-1377
CUST-230,INV-1378
CUST-230,INV-1379
CUST-231,INV-1380
CUST-231,INV-1381
CUST-231,INV-1382
CUST-231,INV-1383
CUST-231,INV-1384
CUST-231,INV-1385
CUST-232,INV-1386
CUST-232,INV-1387
CUST-232,INV-1388
CUST-232,INV-1389
CUST-232,INV-1390
CUST-232,INV-1391
CUST-232,INV-1392
CUST-233,INV-1393
CUST-233,INV-1394
CUST-233,INV-1395
CUST-233,INV-1396
CUST-233,INV-1397
CUST-233,INV-1398
CUST-233,INV-1399
CUST-234,INV-1400
CUST-234,INV-1401
CUST-234,INV-1402
CUST-234,INV-1403
CUST-234,INV-1404
CUST-234,INV-1405
CUST-234,INV-1406
CUST-234,INV-1407
CUST-235,INV-1408
CUST-235,INV-1409
CUST-235,INV-1410
CUST-235,INV-1411
CUST-236,INV-1412
CUST-236,INV-1413
CUST-236,INV-1414
CUST-236,INV-1415
CUST-236,INV-1416
CUST-236,INV-1417
CUST-237,INV-1418
CUST-237,INV-1419
CUST-237,INV-1420
CUST-237,INV-1421
CUST-237,INV-1422
CUST-237,INV-1423
CUST-237,INV-1424
CUST-238,INV-1425
CUST-238,INV-1426
CUST-238,INV-1427
CUST-238,INV-1428
CUST-238,INV-1429
CUST-238,INV-1430
CUST-239,INV-1431
CUST-239,INV-1432
CUST-239,INV-1433
CUST-239,INV-1434
CUST-240,INV-1435
CUST-240,INV-1436
CUST-240,INV-1437
CUST-240,INV-1438
CUST-240,INV-1439
CUST-240,INV-1440
CUST-241,INV-1441
CUST-241,INV-1442
CUST-241,INV-1443
CUST-241,INV-1444
CUST-241,INV-1445
CUST-241,INV-1446
CUST-241,INV-1447
CUST-242,INV-1448
CUST-242,INV-1449
CUST-242,INV-1450
CUST-242,INV-1451
CUST-242,INV-1452
CUST-243,INV-1453
CUST-243,INV-1454
CUST-243,INV-1455
CUST-243,INV-1456
CUST-243,INV-1457
CUST-243,INV-1458
CUST-243,INV-1459
CUST-243,INV-1460
CUST-244,INV-1461
CUST-244,INV-1462
CUST-244,INV-1463
CUST-244,INV-1464
CUST-245,INV-1465
CUST-245,INV-1466
CUST-245,INV-1467
CUST-245,INV-1468
CUST-246,INV-1469
CUST-246,INV-1470
CUST-246,INV-1471
CUST-246,INV-1472
CUST-246,INV-1473
CUST-247,INV-1474
CUST-247,INV-1475
CUST-247,INV-1476
CUST-247,INV-1477
CUST-248,INV-1478
CUST-248,INV-1479
CUST-248,INV-1480
CUST-248,INV-1481
CUST-249,INV-1482
CUST-249,INV-1483
CUST-249,INV-1484
CUST-249,INV-1485
CUST-249,INV-1486
CUST-249,INV-1487
CUST-249,INV-1488
CUST-250,INV-1489
CUST-250,INV-1490
CUST-250,INV-1491
CUST-250,INV-1492
CUST-250,INV-1493
CUST-251,INV-1494
CUST-251,INV-1495
CUST-251,INV-1496
CUST-251,INV-1497
CUST-251,INV-1498
CUST-251,INV-1499
CUST-252,INV-1500
CUST-252,INV-1501
CUST-252,INV-1502
CUST-252,INV-1503
CUST-252,INV-1504
CUST-252,INV-1505
CUST-252,INV-1506
CUST-253,INV-1507
CUST-253,INV-1508
CUST-253,INV-1509
CUST-253,INV-1510
CUST-254,INV-1511
CUST-254,INV-1512
CUST-254,INV-1513
CUST-254,INV-1514
CUST-255,INV-1515
CUST-255,INV-1516
CUST-255,INV-1517
CUST-255,INV-1518
CUST-256,INV-1519
CUST-256,INV-1520
CUST-256,INV-1521
CUST-256,INV-1522
CUST-257,INV-1523
CUST-257,INV-1524
CUST-257,INV-1525
CUST-257,INV-1526
CUST-257,INV-1527
CUST-257,INV-1528
CUST-257,INV-1529
CUST-258,INV-1530
CUST-258,INV-1531
CUST-258,INV-1532
CUST-258,INV-1533
CUST-258,INV-1534
CUST-259,INV-1535
CUST-259,INV-1536
CUST-259,INV-1537
CUST-259,INV-1538
CUST-260,INV-1539
CUST-260,INV-1540
CUST-260,INV-1541
CUST-260,INV-1542
CUST-260,INV-1543
CUST-261,INV-1544
CUST-261,INV-1545
CUST-261,INV-1546
CUST-261,INV-1547
CUST-261,INV-1548
CUST-261,INV-1549
CUST-261,INV-1550
CUST-262,INV-1551
CUST-262,INV-1552
CUST-262,INV-1553
CUST-262,INV-1554
CUST-262,INV-1555
CUST-262,INV-1556
CUST-262,INV-1557
CUST-263,INV-1558
CUST-263,INV-1559
CUST-263,INV-1560
CUST-263,INV-1561
CUST-264,INV-1562
CUST-264,INV-1563
CUST-264,INV-1564
CUST-264,INV-1565
CUST-264,INV-1566
CUST-264,INV-1567
CUST-264,INV-1568
CUST-264,INV-1569
CUST-265,INV-1570
CUST-265,INV-1571
CUST-265,INV-1572
CUST-265,INV-1573
CUST-265,INV-1574
CUST-265,INV-1575
CUST-265,INV-1576
CUST-265,INV-1577
CUST-266,INV-1578
CUST-266,INV-1579
CUST-266,INV-1580
CUST-266,INV-1581
CUST-266,INV-1582
CUST-266,INV-1583
CUST-266,INV-1584
CUST-267,INV-1585
CUST-267,INV-1586
CUST-267,INV-1587
CUST-267,INV-1588
CUST-268,INV-1589
CUST-268,INV-1590
CUST-268,INV-1591
CUST-268,INV-1592
CUST-268,INV-1593
CUST-268,INV-1594
CUST-269,INV-1595
CUST-269,INV-1596
CUST-269,INV-1597
CUST-269,INV-1598
CUST-269,INV-1599
CUST-269,INV-1600
CUST-270,INV-1601
CUST-270,INV-1602
CUST-270,INV-1603
CUST-270,INV-1604
CUST-270,INV-1605
CUST-270,INV-1606
CUST-270,INV-1607
CUST-271,INV-1608
CUST-271,INV-1609
CUST-271,INV-1610
CUST-271,INV-1611
CUST-271,INV-1612
CUST-272,INV-1613
CUST-272,INV-1614
CUST-272,INV-1615
CUST-272,INV-1616
CUST-272,INV-1617
CUST-273,INV-1618
CUST-273,INV-1619
CUST-273,INV-1620
CUST-273,INV-1621
CUST-274,INV-1622
CUST-274,INV-1623
CUST-274,INV-1624
CUST-274,INV-1625
CUST-275,INV-1626
CUST-275,INV-1627
CUST-275,INV-1628
CUST-275,INV-1629
CUST-275,INV-1630
CUST-276,INV-1631
CUST-276,INV-1632
CUST-276,INV-1633
CUST-276,INV-1634
CUST-276,INV-1635
CUST-276,INV-1636
CUST-277,INV-1637
CUST-277,INV-1638
CUST-277,INV-1639
CUST-277,INV-1640
CUST-277,INV-1641
CUST-277,INV-1642
CUST-277,INV-1643
CUST-278,INV-1644
CUST-278,INV-1645
CUST-278,INV-1646
CUST-278,INV-1647
CUST-278,INV-1648
CUST-278,INV-1649
CUST-278,INV-1650
CUST-278,INV-1651
CUST-279,INV-1652
CUST-279,INV-1653
CUST-279,INV-1654
CUST-279,INV-1655
CUST-279,INV-1656
CUST-279,INV-1657
CUST-280,INV-1658
CUST-280,INV-1659
CUST-280,INV-1660
CUST-280,INV-1661
CUST-280,INV-1662
CUST-280,INV-1663
CUST-281,INV-1664
CUST-281,INV-1665
CUST-281,INV-1666
CUST-281,INV-1667
CUST-281,INV-1668
CUST-281,INV-1669
CUST-281,INV-1670
CUST-282,INV-1671
CUST-282,INV-1672
CUST-282,INV-1673
CUST-282,INV-1674
CUST-283,INV-1675
CUST-283,INV-1676
CUST-283,INV-1677
CUST-283,INV-1678
CUST-283,INV-1679
CUST-283,INV-1680
CUST-283,INV-1681
CUST-284,INV-1682
CUST-284,INV-1683
CUST-284,INV-1684
CUST-284,INV-1685
CUST-284,INV-1686
CUST-284,INV-1687
CUST-284,INV-1688
CUST-285,INV-1689
CUST-285,INV-1690
CUST-285,INV-1691
CUST-285,INV-1692
CUST-285,INV-1693
CUST-286,INV-1694
CUST-286,INV-1695
CUST-286,INV-1696
CUST-286,INV-1697
CUST-287,INV-1698
CUST-287,INV-1699
CUST-287,INV-1700
CUST-287,INV-1701
CUST-287,INV-1702
CUST-287,INV-1703
CUST-288,INV-1704
CUST-288,INV-1705
CUST-288,INV-1706
CUST-288,INV-1707
CUST-289,INV-1708
CUST-289,INV-1709
CUST-289,INV-1710
CUST-289,INV-1711
CUST-289,INV-1712
CUST-289,INV-1713
CUST-289,INV-1714
CUST-289,INV-1715
CUST-290,INV-1716
CUST-290,INV-1717
CUST-290,INV-1718
CUST-290,INV-1719
CUST-290,INV-1720
CUST-290,INV-1721
CUST-290,INV-1722
CUST-290,INV-1723
CUST-291,INV-1724
CUST-291,INV-1725
CUST-291,INV-1726
CUST-291,INV-1727
CUST-291,INV-1728
CUST-291,INV-1729
CUST-291,INV-1730
CUST-291,INV-1731
CUST-292,INV-1732
CUST-292,INV-1733
CUST-292,INV-1734
CUST-292,INV-1735
CUST-292,INV-1736
CUST-293,INV-1737
CUST-293,INV-1738
CUST-293,INV-1739
CUST-293,INV-1740
CUST-293,INV-1741
CUST-293,INV-1742
CUST-294,INV-1743
CUST-294,INV-1744
CUST-294,INV-1745
CUST-294,INV-1746
CUST-294,INV-1747
CUST-295,INV-1748
CUST-295,INV-1749
CUST-295,INV-1750
CUST-295,INV-1751
CUST-295,INV-1752
CUST-295,INV-1753
CUST-295,INV-1754
CUST-296,INV-1755
CUST-296,INV-1756
CUST-296,INV-1757
CUST-296,INV-1758
CUST-296,INV-1759
CUST-296,INV-1760
CUST-297,INV-1761
CUST-297,INV-1762
CUST-297,INV-1763
CUST-297,INV-1764
CUST-297,INV-1765
CUST-297,INV-1766
CUST-297,INV-1767
CUST-298,INV-1768
CUST-298,INV-1769
CUST-298,INV-1770
CUST-298,INV-1771
CUST-299,INV-1772
CUST-299,INV-1773
CUST-299,INV-1774
CUST-299,INV-1775
CUST-299,INV-1776
CUST-299,INV-1777
CUST-299,INV-1778
CUST-299,INV-1779
CUST-300,INV-1780
CUST-300,INV-1781
CUST-300,INV-1782
CUST-300,INV-1783
CUST-301,INV-1784
CUST-301,INV-1785
CUST-301,INV-1786
CUST-301,INV-1787
CUST-301,INV-1788
CUST-301,INV-1789
CUST-302,INV-1790
CUST-302,INV-1791
CUST-302,INV-1792
CUST-302,INV-1793
CUST-303,INV-1794
CUST-303,INV-1795
CUST-303,INV-1796
CUST-303,INV-1797
CUST-303,INV-1798
CUST-303,INV-1799
CUST-303,INV-1800
CUST-304,INV-1801
CUST-304,INV-1802
CUST-304,INV-1803
CUST-304,INV-1804
CUST-305,INV-1805
CUST-305,INV-1806
CUST-305,INV-1807
CUST-305,INV-1808
CUST-305,INV-1809
CUST-305,INV-1810
CUST-306,INV-1811
CUST-306,INV-1812
CUST-306,INV-1813
CUST-306,INV-1814
CUST-307,INV-1815
CUST-307,INV-1816
CUST-307,INV-1817
CUST-307,INV-1818
CUST-307,INV-1819
CUST-307,INV-1820
CUST-307,INV-1821
CUST-308,INV-1822
CUST-308,INV-1823
CUST-308,INV-1824
CUST-308,INV-1825
CUST-308,INV-1826
CUST-308,INV-1827
CUST-308,INV-1828
CUST-309,INV-1829
CUST-309,INV-1830
CUST-309,INV-1831
CUST-309,INV-1832
CUST-309,INV-1833
CUST-309,INV-1834
CUST-309,INV-1835
CUST-309,INV-1836
CUST-310,INV-1837
CUST-310,INV-1838
CUST-310,INV-1839
CUST-310,INV-1840
CUST-310,INV-1841
CUST-311,INV-1842
CUST-311,INV-1843
CUST-311,INV-1844
CUST-311,INV-1845
CUST-311,INV-1846
CUST-311,INV-1847
CUST-312,INV-1848
CUST-312,INV-1849
CUST-312,INV-1850
CUST-312,INV-1851
CUST-312,INV-1852
CUST-312,INV-1853
CUST-312,INV-1854
CUST-312,INV-1855
CUST-313,INV-1856
CUST-313,INV-1857
CUST-313,INV-1858
CUST-313,INV-1859
CUST-313,INV-1860
CUST-313,INV-1861
CUST-314,INV-1862
CUST-314,INV-1863
CUST-314,INV-1864
CUST-314,INV-1865
CUST-314,INV-1866
CUST-315,INV-1867
CUST-315,INV-1868
CUST-315,INV-1869
CUST-315,INV-1870
CUST-316,INV-1871
CUST-316,INV-1872
CUST-316,INV-1873
CUST-316,INV-1874
CUST-317,INV-1875
CUST-317,INV-1876
CUST-317,INV-1877
CUST-317,INV-1878
CUST-317,INV-1879
CUST-317,INV-1880
CUST-318,INV-1881
CUST-318,INV-1882
CUST-318,INV-1883
CUST-318,INV-1884
CUST-318,INV-1885
CUST-318,INV-1886
CUST-318,INV-1887
CUST-319,INV-1888
CUST-319,INV-1889
CUST-319,INV-1890
CUST-319,INV-1891
CUST-320,INV-1892
CUST-320,INV-1893
CUST-320,INV-1894
CUST-320,INV-1895
CUST-320,INV-1896
CUST-320,INV-1897
CUST-321,INV-1898
CUST-321,INV-1899
CUST-321,INV-1900
CUST-321,INV-1901
CUST-321,INV-1902
CUST-322,INV-1903
CUST-322,INV-1904
CUST-322,INV-1905
CUST-322,INV-1906
CUST-322,INV-1907
CUST-322,INV-1908
CUST-322,INV-1909
CUST-323,INV-1910
CUST-323,INV-1911
CUST-323,INV-1912
CUST-323,INV-1913
CUST-323,INV-1914
CUST-323,INV-1915
CUST-324,INV-1916
CUST-324,INV-1917
CUST-324,INV-1918
CUST-324,INV-1919
CUST-324,INV-1920
CUST-325,INV-1921
CUST-325,INV-1922
CUST-325,INV-1923
CUST-325,INV-1924
CUST-325,INV-1925
CUST-325,INV-1926
CUST-325,INV-1927
CUST-326,INV-1928
CUST-326,INV-1929
CUST-326,INV-1930
CUST-326,INV-1931
CUST-327,INV-1932
CUST-327,INV-1933
CUST-327,INV-1934
CUST-327,INV-1935
CUST-327,INV-1936
CUST-327,INV-1937
CUST-327,INV-1938
CUST-327,INV-1939
CUST-328,INV-1940
CUST-328,INV-1941
CUST-328,INV-1942
CUST-328,INV-1943
CUST-328,INV-1944
CUST-329,INV-1945
CUST-329,INV-1946
CUST-329,INV-1947
CUST-329,INV-1948
CUST-329,INV-1949
CUST-329,INV-1950
CUST-329,INV-1951
CUST-329,INV-1952
CUST-330,INV-1953
CUST-330,INV-1954
CUST-330,INV-1955
CUST-330,INV-1956
CUST-330,INV-1957
CUST-330,INV-1958
CUST-330,INV-1959
CUST-331,INV-1960
CUST-331,INV-1961
CUST-331,INV-1962
CUST-331,INV-1963
CUST-331,INV-1964
CUST-332,INV-1965
CUST-332,INV-1966
CUST-332,INV-1967
CUST-332,INV-1968
CUST-333,INV-1969
CUST-333,INV-1970
CUST-333,INV-1971
CUST-333,INV-1972
CUST-333,INV-1973
CUST-333,INV-1974
CUST-333,INV-1975
CUST-334,INV-1976
CUST-334,INV-1977
CUST-334,INV-1978
CUST-334,INV-1979
CUST-334,INV-1980
CUST-334,INV-1981
CUST-335,INV-1982
CUST-335,INV-1983
CUST-335,INV-1984
CUST-335,INV-1985
CUST-335,INV-1986
CUST-336,INV-1987
CUST-336,INV-1988
CUST-336,INV-1989
CUST-336,INV-1990
CUST-336,INV-1991
CUST-336,INV-1992
CUST-336,INV-1993
CUST-337,INV-1994
CUST-337,INV-1995
CUST-337,INV-1996
CUST-337,INV-1997
CUST-337,INV-1998
CUST-337,INV-1999
CUST-338,INV-2000
CUST-338,INV-2001
CUST-338,INV-2002
CUST-338,INV-2003
CUST-338,INV-2004
CUST-338,INV-2005
CUST-338,INV-2006
CUST-338,INV-2007
CUST-339,INV-2008
CUST-339,INV-2009
CUST-339,INV-2010
CUST-339,INV-2011
CUST-339,INV-2012
CUST-340,INV-2013
CUST-340,INV-2014
CUST-340,INV-2015
CUST-340,INV-2016
CUST-340,INV-2017
CUST-340,INV-2018
CUST-341,INV-2019
CUST-341,INV-2020
CUST-341,INV-2021
CUST-341,INV-2022
CUST-342,INV-2023
CUST-342,INV-2024
CUST-342,INV-2025
CUST-342,INV-2026
CUST-342,INV-2027
CUST-342,INV-2028
CUST-343,INV-2029
CUST-343,INV-2030
CUST-343,INV-2031
CUST-343,INV-2032
CUST-344,INV-2033
CUST-344,INV-2034
CUST-344,INV-2035
CUST-344,INV-2036
CUST-344,INV-2037
CUST-344,INV-2038
CUST-344,INV-2039
CUST-344,INV-2040
CUST-345,INV-2041
CUST-345,INV-2042
CUST-345,INV-2043
CUST-345,INV-2044
CUST-346,INV-2045
CUST-346,INV-2046
CUST-346,INV-2047
CUST-346,INV-2048
CUST-347,INV-2049
CUST-347,INV-2050
CUST-347,INV-2051
CUST-347,INV-2052
CUST-347,INV-2053
CUST-347,INV-2054
CUST-347,INV-2055
CUST-348,INV-2056
CUST-348,INV-2057
CUST-348,INV-2058
CUST-348,INV-2059
CUST-348,INV-2060
CUST-349,INV-2061
CUST-349,INV-2062
CUST-349,INV-2063
CUST-349,INV-2064
CUST-349,INV-2065
CUST-349,INV-2066
CUST-349,INV-2067
CUST-350,INV-2068
CUST-350,INV-2069
CUST-350,INV-2070
CUST-350,INV-2071
CUST-350,INV-2072
CUST-351,INV-2073
CUST-351,INV-2074
CUST-351,INV-2075
CUST-351,INV-2076
CUST-352,INV-2077
CUST-352,INV-2078
CUST-352,INV-2079
CUST-352,INV-2080
CUST-352,INV-2081
CUST-352,INV-2082
CUST-353,INV-2083
CUST-353,INV-2084
CUST-353,INV-2085
CUST-353,INV-2086
CUST-354,INV-2087
CUST-354,INV-2088
CUST-354,INV-2089
CUST-354,INV-2090
CUST-354,INV-2091
CUST-355,INV-2092
CUST-355,INV-2093
CUST-355,INV-2094
CUST-355,INV-2095
CUST-355,INV-2096
CUST-356,INV-2097
CUST-356,INV-2098
CUST-356,INV-2099
CUST-356,INV-2100
CUST-356,INV-2101
CUST-356,INV-2102
CUST-357,INV-2103
CUST-357,INV-2104
CUST-357,INV-2105
CUST-357,INV-2106
CUST-357,INV-2107
CUST-357,INV-2108
CUST-357,INV-2109
CUST-358,INV-2110
CUST-358,INV-2111
CUST-358,INV-2112
CUST-358,INV-2113
CUST-358,INV-2114
CUST-358,INV-2115
CUST-358,INV-2116
CUST-358,INV-2117
CUST-359,INV-2118
CUST-359,INV-2119
CUST-359,INV-2120
CUST-359,INV-2121
CUST-359,INV-2122
CUST-360,INV-2123
CUST-360,INV-2124
CUST-360,INV-2125
CUST-360,INV-2126
CUST-361,INV-2127
CUST-361,INV-2128
CUST-361,INV-2129
CUST-361,INV-2130
CUST-361,INV-2131
CUST-361,INV-2132
CUST-361,INV-2133
CUST-362,INV-2134
CUST-362,INV-2135
CUST-362,INV-2136
CUST-362,INV-2137
CUST-362,INV-2138
CUST-363,INV-2139
CUST-363,INV-2140
CUST-363,INV-2141
CUST-363,INV-2142
CUST-364,INV-2143
CUST-364,INV-2144
CUST-364,INV-2145
CUST-364,INV-2146
CUST-365,INV-2147
CUST-365,INV-2148
CUST-365,INV-2149
CUST-365,INV-2150
CUST-365,INV-2151
CUST-365,INV-2152
CUST-366,INV-2153
CUST-366,INV-2154
CUST-366,INV-2155
CUST-366,INV-2156
CUST-367,INV-2157
CUST-367,INV-2158
CUST-367,INV-2159
CUST-367,INV-2160
CUST-367,INV-2161
CUST-367,INV-2162
CUST-368,INV-2163
CUST-368,INV-2164
CUST-368,INV-2165
CUST-368,INV-2166
CUST-368,INV-2167
CUST-368,INV-2168
CUST-368,INV-2169
CUST-368,INV-2170
CUST-369,INV-2171
CUST-369,INV-2172
CUST-369,INV-2173
CUST-369,INV-2174
CUST-369,INV-2175
CUST-369,INV-2176
CUST-369,INV-2177
CUST-369,INV-2178
CUST-370,INV-2179
CUST-370,INV-2180
CUST-370,INV-2181
CUST-370,INV-2182
CUST-370,INV-2183
CUST-370,INV-2184
CUST-370,INV-2185
CUST-370,INV-2186
CUST-371,INV-2187
CUST-371,INV-2188
CUST-371,INV-2189
CUST-371,INV-2190
CUST-371,INV-2191
CUST-371,INV-2192
CUST-371,INV-2193
CUST-372,INV-2194
CUST-372,INV-2195
CUST-372,INV-2196
CUST-372,INV-2197
CUST-372,INV-2198
CUST-372,INV-2199
CUST-372,INV-2200
CUST-372,INV-2201
CUST-373,INV-2202
CUST-373,INV-2203
CUST-373,INV-2204
CUST-373,INV-2205
CUST-373,INV-2206
CUST-373,INV-2207
CUST-374,INV-2208
CUST-374,INV-2209
CUST-374,INV-2210
CUST-374,INV-2211
CUST-374,INV-2212
CUST-374,INV-2213
CUST-374,INV-2214
CUST-375,INV-2215
CUST-375,INV-2216
CUST-375,INV-2217
CUST-375,INV-2218
CUST-375,INV-2219
CUST-375,INV-2220
CUST-375,INV-2221
CUST-375,INV-2222
CUST-376,INV-2223
CUST-376,INV-2224
CUST-376,INV-2225
CUST-376,INV-2226
CUST-377,INV-2227
CUST-377,INV-2228
CUST-377,INV-2229
CUST-377,INV-2230
CUST-378,INV-2231
CUST-378,INV-2232
CUST-378,INV-2233
CUST-378,INV-2234
CUST-379,INV-2235
CUST-379,INV-2236
CUST-379,INV-2237
CUST-379,INV-2238
CUST-379,INV-2239
CUST-379,INV-2240
CUST-379,INV-2241
CUST-379,INV-2242
CUST-380,INV-2243
CUST-380,INV-2244
CUST-380,INV-2245
CUST-380,INV-2246
CUST-380,INV-2247
CUST-380,INV-2248
CUST-380,INV-2249
CUST-381,INV-2250
CUST-381,INV-2251
CUST-381,INV-2252
CUST-381,INV-2253
CUST-381,INV-2254
CUST-381,INV-2255
CUST-381,INV-2256
CUST-381,INV-2257
CUST-382,INV-2258
CUST-382,INV-2259
CUST-382,INV-2260
CUST-382,INV-2261
CUST-382,INV-2262
CUST-383,INV-2263
CUST-383,INV-2264
CUST-383,INV-2265
CUST-383,INV-2266
CUST-383,INV-2267
CUST-383,INV-2268
CUST-383,INV-2269
CUST-383,INV-2270
CUST-384,INV-2271
CUST-384,INV-2272
CUST-384,INV-2273
CUST-384,INV-2274
CUST-384,INV-2275
CUST-384,INV-2276
CUST-384,INV-2277
CUST-385,INV-2278
CUST-385,INV-2279
CUST-385,INV-2280
CUST-385,INV-2281
CUST-385,INV-2282
CUST-386,INV-2283
CUST-386,INV-2284
CUST-386,INV-2285
CUST-386,INV-2286
CUST-386,INV-2287
CUST-386,INV-2288
CUST-386,INV-2289
CUST-386,INV-2290
CUST-387,INV-2291
CUST-387,INV-2292
CUST-387,INV-2293
CUST-387,INV-2294
CUST-387,INV-2295
CUST-387,INV-2296
CUST-387,INV-2297
CUST-387,INV-2298
CUST-388,INV-2299
CUST-388,INV-2300
CUST-388,INV-2301
CUST-388,INV-2302
CUST-388,INV-2303
CUST-388,INV-2304
CUST-389,INV-2305
CUST-389,INV-2306
CUST-389,INV-2307
CUST-389,INV-2308
CUST-389,INV-2309
CUST-390,INV-2310
CUST-390,INV-2311
CUST-390,INV-2312
CUST-390,INV-2313
CUST-391,INV-2314
CUST-391,INV-2315
CUST-391,INV-2316
CUST-391,INV-2317
CUST-391,INV-2318
CUST-391,INV-2319
CUST-391,INV-2320
CUST-391,INV-2321
CUST-392,INV-2322
CUST-392,INV-2323
CUST-392,INV-2324
CUST-392,INV-2325
CUST-392,INV-2326
CUST-392,INV-2327
CUST-392,INV-2328
CUST-392,INV-2329
CUST-393,INV-2330
CUST-393,INV-2331
CUST-393,INV-2332
CUST-393,INV-2333
CUST-393,INV-2334
CUST-393,INV-2335
CUST-394,INV-2336
CUST-394,INV-2337
CUST-394,INV-2338
CUST-394,INV-2339
CUST-394,INV-2340
CUST-394,INV-2341
CUST-394,INV-2342
CUST-395,INV-2343
CUST-395,INV-2344
CUST-395,INV-2345
CUST-395,INV-2346
CUST-395,INV-2347
CUST-396,INV-2348
CUST-396,INV-2349
CUST-396,INV-2350
CUST-396,INV-2351
CUST-396,INV-2352
CUST-396,INV-2353
CUST-396,INV-2354
CUST-396,INV-2355
CUST-397,INV-2356
CUST-397,INV-2357
CUST-397,INV-2358
CUST-397,INV-2359
CUST-397,INV-2360
CUST-398,INV-2361
CUST-398,INV-2362
CUST-398,INV-2363
CUST-398,INV-2364
CUST-398,INV-2365
CUST-398,INV-2366
CUST-399,INV-2367
CUST-399,INV-2368
CUST-399,INV-2369
CUST-399,INV-2370
CUST-399,INV-2371
CUST-400,INV-2372
CUST-400,INV-2373
CUST-400,INV-2374
CUST-400,INV-2375
CUST-400,INV-2376
CUST-401,INV-2377
CUST-401,INV-2378
CUST-401,INV-2379
CUST-401,INV-2380
CUST-401,INV-2381
CUST-401,INV-2382
CUST-401,INV-2383
CUST-401,INV-2384
CUST-402,INV-2385
CUST-402,INV-2386
CUST-402,INV-2387
CUST-402,INV-2388
CUST-402,INV-2389
CUST-402,INV-2390
CUST-403,INV-2391
CUST-403,INV-2392
CUST-403,INV-2393
CUST-403,INV-2394
CUST-403,INV-2395
CUST-403,INV-2396
CUST-403,INV-2397
CUST-404,INV-2398
CUST-404,INV-2399
CUST-404,INV-2400
CUST-404,INV-2401
CUST-404,INV-2402
CUST-404,INV-2403
CUST-404,INV-2404
CUST-405,INV-2405
CUST-405,INV-2406
CUST-405,INV-2407
CUST-405,INV-2408
CUST-405,INV-2409
CUST-405,INV-2410
CUST-405,INV-2411
CUST-406,INV-2412
CUST-406,INV-2413
CUST-406,INV-2414
CUST-406,INV-2415
CUST-406,INV-2416
CUST-406,INV-2417
CUST-407,INV-2418
CUST-407,INV-2419
CUST-407,INV-2420
CUST-407,INV-2421
CUST-407,INV-2422
CUST-407,INV-2423
CUST-407,INV-2424
CUST-407,INV-2425
CUST-408,INV-2426
CUST-408,INV-2427
CUST-408,INV-2428
CUST-408,INV-2429
CUST-409,INV-2430
CUST-409,INV-2431
CUST-409,INV-2432
CUST-409,INV-2433
CUST-410,INV-2434
CUST-410,INV-2435
CUST-410,INV-2436
CUST-410,INV-2437
CUST-410,INV-2438
CUST-410,INV-2439
CUST-411,INV-2440
CUST-411,INV-2441
CUST-411,INV-2442
CUST-411,INV-2443
CUST-411,INV-2444
CUST-412,INV-2445
CUST-412,INV-2446
CUST-412,INV-2447
CUST-412,INV-2448
CUST-412,INV-2449
CUST-412,INV-2450
CUST-412,INV-2451
CUST-412,INV-2452
CUST-413,INV-2453
CUST-413,INV-2454
CUST-413,INV-2455
CUST-413,INV-2456
CUST-413,INV-2457
CUST-413,INV-2458
CUST-413,INV-2459
CUST-414,INV-2460
CUST-414,INV-2461
CUST-414,INV-2462
CUST-414,INV-2463
CUST-414,INV-2464
CUST-414,INV-2465
CUST-415,INV-2466
CUST-415,INV-2467
CUST-415,INV-2468
CUST-415,INV-2469
CUST-415,INV-2470
CUST-415,INV-2471
CUST-416,INV-2472
CUST-416,INV-2473
CUST-416,INV-2474
CUST-416,INV-2475
CUST-416,INV-2476
CUST-416,INV-2477
CUST-416,INV-2478
CUST-417,INV-2479
CUST-417,INV-2480
CUST-417,INV-2481
CUST-417,INV-2482
CUST-418,INV-2483
CUST-418,INV-2484
CUST-418,INV-2485
CUST-418,INV-2486
CUST-418,INV-2487
CUST-419,INV-2488
CUST-419,INV-2489
CUST-419,INV-2490
CUST-419,INV-2491
CUST-419,INV-2492
CUST-420,INV-2493
CUST-420,INV-2494
CUST-420,INV-2495
CUST-420,INV-2496
CUST-420,INV-2497
CUST-420,INV-2498
CUST-421,INV-2499
CUST-421,INV-2500
CUST-421,INV-2501
CUST-421,INV-2502
CUST-421,INV-2503
CUST-422,INV-2504
CUST-422,INV-2505
CUST-422,INV-2506
CUST-422,INV-2507
CUST-422,INV-2508
CUST-422,INV-2509
CUST-422,INV-2510
CUST-422,INV-2511
CUST-423,INV-2512
CUST-423,INV-2513
CUST-423,INV-2514
CUST-423,INV-2515
CUST-423,INV-2516
CUST-423,INV-2517
CUST-423,INV-2518
CUST-423,INV-2519
CUST-424,INV-2520
CUST-424,INV-2521
CUST-424,INV-2522
CUST-424,INV-2523
CUST-424,INV-2524
CUST-424,INV-2525
CUST-424,INV-2526
CUST-425,INV-2527
CUST-425,INV-2528
CUST-425,INV-2529
CUST-425,INV-2530
CUST-425,INV-2531
CUST-425,INV-2532
CUST-426,INV-2533
CUST-426,INV-2534
CUST-426,INV-2535
CUST-426,INV-2536
CUST-426,INV-2537
CUST-426,INV-2538
CUST-426,INV-2539
CUST-427,INV-2540
CUST-427,INV-2541
CUST-427,INV-2542
CUST-427,INV-2543
CUST-427,INV-2544
CUST-428,INV-2545
CUST-428,INV-2546
CUST-428,INV-2547
CUST-428,INV-2548
CUST-429,INV-2549
CUST-429,INV-2550
CUST-429,INV-2551
CUST-429,INV-2552
CUST-430,INV-2553
CUST-430,INV-2554
CUST-430,INV-2555
CUST-430,INV-2556
CUST-430,INV-2557
CUST-430,INV-2558
CUST-431,INV-2559
CUST-431,INV-2560
CUST-431,INV-2561
CUST-431,INV-2562
CUST-431,INV-2563
CUST-432,INV-2564
CUST-432,INV-2565
CUST-432,INV-2566
CUST-432,INV-2567
CUST-432,INV-2568
CUST-432,INV-2569
CUST-432,INV-2570
CUST-432,INV-2571
CUST-433,INV-2572
CUST-433,INV-2573
CUST-433,INV-2574
CUST-433,INV-2575
CUST-434,INV-2576
CUST-434,INV-2577
CUST-434,INV-2578
CUST-434,INV-2579
CUST-434,INV-2580
CUST-434,INV-2581
CUST-435,INV-2582
CUST-435,INV-2583
CUST-435,INV-2584
CUST-435,INV-2585
CUST-435,INV-2586
CUST-436,INV-2587
CUST-436,INV-2588
CUST-436,INV-2589
CUST-436,INV-2590
CUST-436,INV-2591
CUST-436,INV-2592
CUST-437,INV-2593
CUST-437,INV-2594
CUST-437,INV-2595
CUST-437,INV-2596
CUST-437,INV-2597
CUST-438,INV-2598
CUST-438,INV-2599
CUST-438,INV-2600
CUST-438,INV-2601
CUST-438,INV-2602
CUST-439,INV-2603
CUST-439,INV-2604
CUST-439,INV-2605
CUST-439,INV-2606
CUST-439,INV-2607
CUST-439,INV-2608
CUST-440,INV-2609
CUST-440,INV-2610
CUST-440,INV-2611
CUST-440,INV-2612
CUST-440,INV-2613
CUST-440,INV-2614
CUST-440,INV-2615
CUST-441,INV-2616
CUST-441,INV-2617
CUST-441,INV-2618
CUST-441,INV-2619
CUST-442,INV-2620
CUST-442,INV-2621
CUST-442,INV-2622
CUST-442,INV-2623
CUST-443,INV-2624
CUST-443,INV-2625
CUST-443,INV-2626
CUST-443,INV-2627
CUST-443,INV-2628
CUST-443,INV-2629
CUST-443,INV-2630
CUST-444,INV-2631
CUST-444,INV-2632
CUST-444,INV-2633
CUST-444,INV-2634
CUST-444,INV-2635
CUST-444,INV-2636
CUST-445,INV-2637
CUST-445,INV-2638
CUST-445,INV-2639
CUST-445,INV-2640
CUST-445,INV-2641
CUST-445,INV-2642
CUST-445,INV-2643
CUST-446,INV-2644
CUST-446,INV-2645
CUST-446,INV-2646
CUST-446,INV-2647
CUST-446,INV-2648
CUST-446,INV-2649
CUST-446,INV-2650
CUST-446,INV-2651
CUST-447,INV-2652
CUST-447,INV-2653
CUST-447,INV-2654
CUST-447,INV-2655
CUST-447,INV-2656
CUST-447,INV-2657
CUST-447,INV-2658
CUST-447,INV-2659
CUST-448,INV-2660
CUST-448,INV-2661
CUST-448,INV-2662
CUST-448,INV-2663
CUST-449,INV-2664
CUST-449,INV-2665
CUST-449,INV-2666
CUST-449,INV-2667
CUST-449,INV-2668
CUST-449,INV-2669
CUST-450,INV-2670
CUST-450,INV-2671
CUST-450,INV-2672
CUST-450,INV-2673
CUST-450,INV-2674
CUST-451,INV-2675
CUST-451,INV-2676
CUST-451,INV-2677
CUST-451,INV-2678
CUST-451,INV-2679
CUST-451,INV-2680
CUST-451,INV-2681
CUST-452,INV-2682
CUST-452,INV-2683
CUST-452,INV-2684
CUST-452,INV-2685
CUST-452,INV-2686
CUST-452,INV-2687
CUST-452,INV-2688
CUST-453,INV-2689
CUST-453,INV-2690
CUST-453,INV-2691
CUST-453,INV-2692
CUST-454,INV-2693
CUST-454,INV-2694
CUST-454,INV-2695
CUST-454,INV-2696
CUST-455,INV-2697
CUST-455,INV-2698
CUST-455,INV-2699
CUST-455,INV-2700
CUST-455,INV-2701
CUST-455,INV-2702
CUST-455,INV-2703
CUST-456,INV-2704
CUST-456,INV-2705
CUST-456,INV-2706
CUST-456,INV-2707
CUST-456,INV-2708
CUST-456,INV-2709
CUST-456,INV-2710
CUST-456,INV-2711
CUST-457,INV-2712
CUST-457,INV-2713
CUST-457,INV-2714
CUST-457,INV-2715
CUST-457,INV-2716
CUST-458,INV-2717
CUST-458,INV-2718
CUST-458,INV-2719
CUST-458,INV-2720
CUST-459,INV-2721
CUST-459,INV-2722
CUST-459,INV-2723
CUST-459,INV-2724
CUST-459,INV-2725
CUST-459,INV-2726
CUST-459,INV-2727
CUST-460,INV-2728
CUST-460,INV-2729
CUST-460,INV-2730
CUST-460,INV-2731
CUST-461,INV-2732
CUST-461,INV-2733
CUST-461,INV-2734
CUST-461,INV-2735
CUST-461,INV-2736
CUST-461,INV-2737
CUST-461,INV-2738
CUST-462,INV-2739
CUST-462,INV-2740
CUST-462,INV-2741
CUST-462,INV-2742
CUST-462,INV-2743
CUST-462,INV-2744
CUST-463,INV-2745
CUST-463,INV-2746
CUST-463,INV-2747
CUST-463,INV-2748
CUST-463,INV-2749
CUST-463,INV-2750
CUST-463,INV-2751
CUST-464,INV-2752
CUST-464,INV-2753
CUST-464,INV-2754
CUST-464,INV-2755
CUST-464,INV-2756
CUST-464,INV-2757
CUST-464,INV-2758
CUST-465,INV-2759
CUST-465,INV-2760
CUST-465,INV-2761
CUST-465,INV-2762
CUST-465,INV-2763
CUST-465,INV-2764
CUST-465,INV-2765
CUST-465,INV-2766
CUST-466,INV-2767
CUST-466,INV-2768
CUST-466,INV-2769
CUST-466,INV-2770
CUST-466,INV-2771
CUST-467,INV-2772
CUST-467,INV-2773
CUST-467,INV-2774
CUST-467,INV-2775
CUST-467,INV-2776
CUST-468,INV-2777
CUST-468,INV-2778
CUST-468,INV-2779
CUST-468,INV-2780
CUST-468,INV-2781
CUST-468,INV-2782
CUST-468,INV-2783
CUST-468,INV-2784
CUST-469,INV-2785
CUST-469,INV-2786
CUST-469,INV-2787
CUST-469,INV-2788
CUST-469,INV-2789
CUST-469,INV-2790
CUST-470,INV-2791
CUST-470,INV-2792
CUST-470,INV-2793
CUST-470,INV-2794
CUST-471,INV-2795
CUST-471,INV-2796
CUST-471,INV-2797
CUST-471,INV-2798
CUST-471,INV-2799
CUST-472,INV-2800
CUST-472,INV-2801
CUST-472,INV-2802
CUST-472,INV-2803
CUST-472,INV-2804
CUST-472,INV-2805
CUST-472,INV-2806
CUST-473,INV-2807
CUST-473,INV-2808
CUST-473,INV-2809
CUST-473,INV-2810
CUST-473,INV-2811
CUST-473,INV-2812
CUST-473,INV-2813
CUST-474,INV-2814
CUST-474,INV-2815
CUST-474,INV-2816
CUST-474,INV-2817
CUST-474,INV-2818
CUST-474,INV-2819
CUST-474,INV-2820
CUST-474,INV-2821
CUST-475,INV-2822
CUST-475,INV-2823
CUST-475,INV-2824
CUST-475,INV-2825
CUST-476,INV-2826
CUST-476,INV-2827
CUST-476,INV-2828
CUST-476,INV-2829
CUST-476,INV-2830
CUST-476,INV-2831
CUST-477,INV-2832
CUST-477,INV-2833
CUST-477,INV-2834
CUST-477,INV-2835
CUST-477,INV-2836
CUST-477,INV-2837
CUST-478,INV-2838
CUST-478,INV-2839
CUST-478,INV-2840
CUST-478,INV-2841
CUST-478,INV-2842
CUST-478,INV-2843
CUST-478,INV-2844
CUST-479,INV-2845
CUST-479,INV-2846
CUST-479,INV-2847
CUST-479,INV-2848
CUST-480,INV-2849
CUST-480,INV-2850
CUST-480,INV-2851
CUST-480,INV-2852
CUST-480,INV-2853
CUST-480,INV-2854
CUST-480,INV-2855
CUST-481,INV-2856
CUST-481,INV-2857
CUST-481,INV-2858
CUST-481,INV-2859
CUST-481,INV-2860
CUST-482,INV-2861
CUST-482,INV-2862
CUST-482,INV-2863
CUST-482,INV-2864
CUST-482,INV-2865
CUST-483,INV-2866
CUST-483,INV-2867
CUST-483,INV-2868
CUST-483,INV-2869
CUST-483,INV-2870
CUST-483,INV-2871
CUST-483,INV-2872
CUST-484,INV-2873
CUST-484,INV-2874
CUST-484,INV-2875
CUST-484,INV-2876
CUST-484,INV-2877
CUST-484,INV-2878
CUST-484,INV-2879
CUST-484,INV-2880
CUST-485,INV-2881
CUST-485,INV-2882
CUST-485,INV-2883
CUST-485,INV-2884
CUST-486,INV-2885
CUST-486,INV-2886
CUST-486,INV-2887
CUST-486,INV-2888
CUST-486,INV-2889
CUST-486,INV-2890
CUST-487,INV-2891
CUST-487,INV-2892
CUST-487,INV-2893
CUST-487,INV-2894
CUST-487,INV-2895
CUST-488,INV-2896
CUST-488,INV-2897
CUST-488,INV-2898
CUST-488,INV-2899
CUST-488,INV-2900
CUST-489,INV-2901
CUST-489,INV-2902
CUST-489,INV-2903
CUST-489,INV-2904
CUST-489,INV-2905
CUST-489,INV-2906
CUST-489,INV-2907
CUST-489,INV-2908
CUST-490,INV-2909
CUST-490,INV-2910
CUST-490,INV-2911
CUST-490,INV-2912
CUST-491,INV-2913
CUST-491,INV-2914
CUST-491,INV-2915
CUST-491,INV-2916
CUST-491,INV-2917
CUST-491,INV-2918
CUST-491,INV-2919
CUST-491,INV-2920
CUST-492,INV-2921
CUST-492,INV-2922
CUST-492,INV-2923
CUST-492,INV-2924
CUST-492,INV-2925
CUST-493,INV-2926
CUST-493,INV-2927
CUST-493,INV-2928
CUST-493,INV-2929
CUST-493,INV-2930
CUST-493,INV-2931
CUST-494,INV-2932
CUST-494,INV-2933
CUST-494,INV-2934
CUST-494,INV-2935
CUST-495,INV-2936
CUST-495,INV-2937
CUST-495,INV-2938
CUST-495,INV-2939
CUST-495,INV-2940
CUST-496,INV-2941
CUST-496,INV-2942
CUST-496,INV-2943
CUST-496,INV-2944
CUST-496,INV-2945
CUST-496,INV-2946
CUST-496,INV-2947
CUST-496,INV-2948
CUST-497,INV-2949
CUST-497,INV-2950
CUST-497,INV-2951
CUST-497,INV-2952
CUST-497,INV-2953
CUST-497,INV-2954
CUST-498,INV-2955
CUST-498,INV-2956
CUST-498,INV-2957
CUST-498,INV-2958
CUST-498,INV-2959
CUST-498,INV-2960
CUST-498,INV-2961
CUST-499,INV-2962
CUST-499,INV-2963
CUST-499,INV-2964
CUST-499,INV-2965
CUST-499,INV-2966
CUST-499,INV-2967
CUST-499,INV-2968
CUST-499,INV-2969
CUST-500,INV-2970
CUST-500,INV-2971
CUST-500,INV-2972
CUST-500,INV-2973
CUST-500,INV-2974
CUST-500,INV-2975
CUST-902,INV-2976
CUST-902,INV-2977
CUST-902,INV-2978
CUST-902,INV-2979
CUST-902,INV-2980
CUST-902,INV-2981
CUST-903,INV-2982
CUST-903,INV-2983
CUST-903,INV-2984
CUST-903,INV-2985
CUST-903,INV-2986
CUST-903,INV-2987
CUST-903,INV-2988
CUST-903,INV-2989
CUST-906,INV-2990
CUST-906,INV-2991
CUST-906,INV-2992
CUST-906,INV-2993
CUST-906,INV-2994
CUST-906,INV-2995
CUST-906,INV-2996
CUST-906,INV-2997
CUST-908,INV-2998
CUST-908,INV-2999
CUST-908,INV-3000
CUST-908,INV-3001
CUST-908,INV-3002
CUST-908,INV-3003
CUST-904,INV-3004
CUST-904,INV-3005
CUST-904,INV-3006
CUST-904,INV-3007
