business_unit_id,revenue_entry_id
BU-01,REV-0001
BU-01,REV-0002
BU-01,REV-0003
BU-01,REV-0004
BU-01,REV-0005
BU-01,REV-0006
BU-01,REV-0007
BU-01,REV-0008
BU-01,REV-0009
BU-01,REV-0010
BU-01,REV-0011
BU-01,REV-0012
BU-02,REV-0013
BU-02,REV-0014
BU-02,REV-0015
BU-02,REV-0016
BU-02,REV-0017
BU-02,REV-0018
BU-02,REV-0019
BU-02,REV-0020
BU-02,REV-0021
BU-02,REV-0022
BU-02,REV-0023
BU-02,REV-0024
BU-03,REV-0025
BU-03,REV-0026
BU-03,REV-0027
BU-03,REV-0028
BU-03,REV-0029
BU-03,REV-0030
BU-03,REV-0031
BU-03,REV-0032
BU-03,REV-0033
BU-03,REV-0034
BU-03,REV-0035
BU-03,REV-0036
BU-04,REV-0037
BU-04,REV-0038
BU-04,REV-0039
BU-04,REV-0040
BU-04,REV-0041
BU-04,REV-0042
BU-04,REV-0043
BU-04,REV-0044
BU-04,REV-0045
BU-04,REV-0046
BU-04,REV-0047
BU-04,REV-0048
BU-05,REV-0049
BU-05,REV-0050
BU-05,REV-0051
BU-05,REV-0052
BU-05,REV-0053
BU-05,REV-0054
BU-05,REV-0055
BU-05,REV-0056
BU-05,REV-0057
BU-05,REV-0058
BU-05,REV-0059
BU-05,REV-0060
