invoice_id,payment_id
INV-0001,PAY-0001
INV-0002,PAY-0002
INV-0003,PAY-0003
INV-0005,PAY-0004
INV-0006,PAY-0005
INV-0007,PAY-0006
INV-0008,PAY-0007
INV-0009,PAY-0008
INV-0010,PAY-0009
INV-0014,PAY-0010
INV-0015,PAY-0011
INV-0016,PAY-0012
INV-0017,PAY-0013
INV-0018,PAY-0014
INV-0019,PAY-0015
INV-0020,PAY-0016
INV-0021,PAY-0017
INV-0022,PAY-0018
INV-0023,PAY-0019
INV-0024,PAY-0020
INV-0025,PAY-0021
INV-0026,PAY-0022
INV-0027,PAY-0023
INV-0028,PAY-0024
INV-0029,PAY-0025
INV-0030,PAY-0026
INV-0032,PAY-0027
INV-0033,PAY-0028
INV-0034,PAY-0029
INV-0035,PAY-0030
INV-0036,PAY-0031
INV-0037,PAY-0032
INV-0038,PAY-0033
INV-0039,PAY-0034
INV-0040,PAY-0035
INV-0044,PAY-0036
INV-0045,PAY-0037
INV-0047,PAY-0038
INV-0048,PAY-0039
INV-0049,PAY-0040
INV-0050,PAY-0041
INV-0051,PAY-0042
INV-0052,PAY-0043
INV-0053,PAY-0044
INV-0054,PAY-0045
INV-0055,PAY-0046
INV-0056,PAY-0047
INV-0057,PAY-0048
INV-0058,PAY-0049
INV-0059,PAY-0050
INV-0061,PAY-0051
INV-0062,PAY-0052
INV-0063,PAY-0053
INV-0064,PAY-0054
INV-0065,PAY-0055
INV-0066,PAY-0056
INV-0067,PAY-0057
INV-0068,PAY-0058
INV-0069,PAY-0059
INV-0070,PAY-0060
INV-0071,PAY-0061
INV-0072,PAY-0062
INV-0073,PAY-0063
INV-0074,PAY-0064
INV-0075,PAY-0065
INV-0076,PAY-0066
INV-0078,PAY-0067
INV-0079,PAY-0068
INV-0080,PAY-0069
INV-0081,PAY-0070
INV-0082,PAY-0071
INV-0083,PAY-0072
INV-0084,PAY-0073
INV-0086,PAY-0074
INV-0087,PAY-0075
INV-0088,PAY-0076
INV-0089,PAY-0077
INV-0090,PAY-0078
INV-0091,PAY-0079
INV-0092,PAY-0080
INV-0093,PAY-0081
INV-0094,PAY-0082
INV-0095,PAY-0083
INV-0096,PAY-0084
INV-0098,PAY-0085
INV-0099,PAY-0086
INV-0100,PAY-0087
INV-0101,PAY-0088
INV-0102,PAY-0089
INV-0103,PAY-0090
INV-0104,PAY-0091
INV-0105,PAY-0092
INV-0106,PAY-0093
INV-0107,PAY-0094
INV-0108,PAY-0095
INV-0109,PAY-0096
INV-0110,PAY-0097
INV-0111,PAY-0098
INV-0112,PAY-0099
INV-0113,PAY-0100
INV-0114,PAY-0101
INV-0115,PAY-0102
INV-0116,PAY-0103
INV-0117,PAY-0104
INV-0118,PAY-0105
INV-0119,PAY-0106
INV-0120,PAY-0107
INV-0121,PAY-0108
INV-0122,PAY-0109
INV-0123,PAY-0110
INV-0124,PAY-0111
INV-0125,PAY-0112
INV-0127,PAY-0113
INV-0128,PAY-0114
INV-0129,PAY-0115
INV-0130,PAY-0116
INV-0131,PAY-0117
INV-0132,PAY-0118
INV-0133,PAY-0119
INV-0134,PAY-0120
INV-0135,PAY-0121
INV-0136,PAY-0122
INV-0137,PAY-0123
INV-0138,PAY-0124
INV-0139,PAY-0125
INV-0140,PAY-0126
INV-0144,PAY-0127
INV-0145,PAY-0128
INV-0146,PAY-0129
INV-0147,PAY-0130
INV-0148,PAY-0131
INV-0149,PAY-0132
INV-0150,PAY-0133
INV-0151,PAY-0134
INV-0152,PAY-0135
INV-0153,PAY-0136
INV-0155,PAY-0137
INV-0156,PAY-0138
INV-0157,PAY-0139
INV-0158,PAY-0140
INV-0159,PAY-0141
INV-0160,PAY-0142
INV-0161,PAY-0143
INV-0162,PAY-0144
INV-0163,PAY-0145
INV-0164,PAY-0146
INV-0165,PAY-0147
INV-0167,PAY-0148
INV-0168,PAY-0149
INV-0169,PAY-0150
INV-0170,PAY-0151
INV-0171,PAY-0152
INV-0172,PAY-0153
INV-0173,PAY-0154
INV-0174,PAY-0155
INV-0175,PAY-0156
INV-0176,PAY-0157
INV-0177,PAY-0158
INV-0178,PAY-0159
INV-0179,PAY-0160
INV-0180,PAY-0161
INV-0181,PAY-0162
INV-0182,PAY-0163
INV-0183,PAY-0164
INV-0184,PAY-0165
INV-0185,PAY-0166
INV-0186,PAY-0167
INV-0187,PAY-0168
INV-0188,PAY-0169
INV-0189,PAY-0170
INV-0190,PAY-0171
INV-0191,PAY-0172
INV-0192,PAY-0173
INV-0193,PAY-0174
INV-0194,PAY-0175
INV-0195,PAY-0176
INV-0196,PAY-0177
INV-0197,PAY-0178
INV-0198,PAY-0179
INV-0199,PAY-0180
INV-0200,PAY-0181
INV-0201,PAY-0182
INV-0202,PAY-0183
INV-0203,PAY-0184
INV-0204,PAY-0185
INV-0205,PAY-0186
INV-0206,PAY-0187
INV-0207,PAY-0188
INV-0208,PAY-0189
INV-0209,PAY-0190
INV-0210,PAY-0191
INV-0211,PAY-0192
INV-0212,PAY-0193
INV-0213,PAY-0194
INV-0214,PAY-0195
INV-0215,PAY-0196
INV-0216,PAY-0197
INV-0217,PAY-0198
INV-0219,PAY-0199
INV-0220,PAY-0200
INV-0221,PAY-0201
INV-0225,PAY-0202
INV-0226,PAY-0203
INV-0227,PAY-0204
INV-0228,PAY-0205
INV-0229,PAY-0206
INV-0230,PAY-0207
INV-0231,PAY-0208
INV-0232,PAY-0209
INV-0233,PAY-0210
INV-0234,PAY-0211
INV-0235,PAY-0212
INV-0236,PAY-0213
INV-0237,PAY-0214
INV-0238,PAY-0215
INV-0239,PAY-0216
INV-0240,PAY-0217
INV-0241,PAY-0218
INV-0242,PAY-0219
INV-0243,PAY-0220
INV-0244,PAY-0221
INV-0245,PAY-0222
INV-0246,PAY-0223
INV-0247,PAY-0224
INV-0248,PAY-0225
INV-0249,PAY-0226
INV-0250,PAY-0227
INV-0251,PAY-0228
INV-0252,PAY-0229
INV-0253,PAY-0230
INV-0254,PAY-0231
INV-0255,PAY-0232
INV-0256,PAY-0233
INV-0257,PAY-0234
INV-0258,PAY-0235
INV-0259,PAY-0236
INV-0260,PAY-0237
INV-0261,PAY-0238
INV-0262,PAY-0239
INV-0263,PAY-0240
INV-0264,PAY-0241
INV-0265,PAY-0242
INV-0266,PAY-0243
INV-0267,PAY-0244
INV-0268,PAY-0245
INV-0269,PAY-0246
INV-0270,PAY-0247
INV-0271,PAY-0248
INV-0272,PAY-0249
INV-0273,PAY-0250
INV-0274,PAY-0251
INV-0275,PAY-0252
INV-0276,PAY-0253
INV-0277,PAY-0254
INV-0278,PAY-0255
INV-0279,PAY-0256
INV-0280,PAY-0257
INV-0281,PAY-0258
INV-0282,PAY-0259
INV-0283,PAY-0260
INV-0284,PAY-0261
INV-0285,PAY-0262
INV-0286,PAY-0263
INV-0287,PAY-0264
INV-0288,PAY-0265
INV-0289,PAY-0266
INV-0290,PAY-0267
INV-0291,PAY-0268
INV-0292,PAY-0269
INV-0293,PAY-0270
INV-0294,PAY-0271
INV-0295,PAY-0272
INV-0296,PAY-0273
INV-0297,PAY-0274
INV-0298,PAY-0275
INV-0299,PAY-0276
INV-0300,PAY-0277
INV-0301,PAY-0278
INV-0302,PAY-0279
INV-0303,PAY-0280
INV-0304,PAY-0281
INV-0305,PAY-0282
INV-0306,PAY-0283
INV-0307,PAY-0284
INV-0308,PAY-0285
INV-0309,PAY-0286
INV-0310,PAY-0287
INV-0311,PAY-0288
INV-0312,PAY-0289
INV-0313,PAY-0290
INV-0314,PAY-0291
INV-0315,PAY-0292
INV-0316,PAY-0293
INV-0317,PAY-0294
INV-0318,PAY-0295
INV-0319,PAY-0296
INV-0320,PAY-0297
INV-0321,PAY-0298
INV-0322,PAY-0299
INV-0323,PAY-0300
INV-0324,PAY-0301
INV-0325,PAY-0302
INV-0326,PAY-0303
INV-0327,PAY-0304
INV-0328,PAY-0305
INV-0329,PAY-0306
INV-0330,PAY-0307
INV-0331,PAY-0308
INV-0332,PAY-0309
INV-0333,PAY-0310
INV-0334,PAY-0311
INV-0335,PAY-0312
INV-0336,PAY-0313
INV-0337,PAY-0314
INV-0338,PAY-0315
INV-0339,PAY-0316
INV-0340,PAY-0317
INV-0341,PAY-0318
INV-0342,PAY-0319
INV-0343,PAY-0320
INV-0344,PAY-0321
INV-0345,PAY-0322
INV-0346,PAY-0323
INV-0347,PAY-0324
INV-0348,PAY-0325
INV-0349,PAY-0326
INV-0350,PAY-0327
INV-0351,PAY-0328
INV-0352,PAY-0329
INV-0353,PAY-0330
INV-0354,PAY-0331
INV-0355,PAY-0332
INV-0356,PAY-0333
INV-0357,PAY-0334
INV-0358,PAY-0335
INV-0359,PAY-0336
INV-0360,PAY-0337
INV-0361,PAY-0338
INV-0362,PAY-0339
INV-0363,PAY-0340
INV-0364,PAY-0341
INV-0365,PAY-0342
INV-0366,PAY-0343
INV-0367,PAY-0344
INV-0368,PAY-0345
INV-0369,PAY-0346
INV-0370,PAY-0347
INV-0371,PAY-0348
INV-0372,PAY-0349
INV-0373,PAY-0350
INV-0375,PAY-0351
INV-0376,PAY-0352
INV-0377,PAY-0353
INV-0378,PAY-0354
INV-0379,PAY-0355
INV-0380,PAY-0356
INV-0381,PAY-0357
INV-0382,PAY-0358
INV-0383,PAY-0359
INV-0384,PAY-0360
INV-0385,PAY-0361
INV-0386,PAY-0362
INV-0387,PAY-0363
INV-0388,PAY-0364
INV-0389,PAY-0365
INV-0390,PAY-0366
INV-0391,PAY-0367
INV-0392,PAY-0368
INV-0393,PAY-0369
INV-0394,PAY-0370
INV-0395,PAY-0371
INV-0396,PAY-0372
INV-0397,PAY-0373
INV-0398,PAY-0374
INV-0399,PAY-0375
INV-0400,PAY-0376
INV-0404,PAY-0377
INV-0405,PAY-0378
INV-0406,PAY-0379
INV-0408,PAY-0380
INV-0409,PAY-0381
INV-0410,PAY-0382
INV-0411,PAY-0383
INV-0412,PAY-0384
INV-0413,PAY-0385
INV-0414,PAY-0386
INV-0415,PAY-0387
INV-0416,PAY-0388
INV-0420,PAY-0389
INV-0421,PAY-0390
INV-0422,PAY-0391
INV-0423,PAY-0392
INV-0424,PAY-0393
INV-0425,PAY-0394
INV-0426,PAY-0395
INV-0427,PAY-0396
INV-0428,PAY-0397
INV-0429,PAY-0398
INV-0430,PAY-0399
INV-0431,PAY-0400
INV-0432,PAY-0401
INV-0433,PAY-0402
INV-0434,PAY-0403
INV-0435,PAY-0404
INV-0436,PAY-0405
INV-0437,PAY-0406
INV-0438,PAY-0407
INV-0439,PAY-0408
INV-0440,PAY-0409
INV-0441,PAY-0410
INV-0442,PAY-0411
INV-0443,PAY-0412
INV-0444,PAY-0413
INV-0446,PAY-0414
INV-0447,PAY-0415
INV-0448,PAY-0416
INV-0449,PAY-0417
INV-0450,PAY-0418
INV-0451,PAY-0419
INV-0452,PAY-0420
INV-0453,PAY-0421
INV-0454,PAY-0422
INV-0455,PAY-0423
INV-0457,PAY-0424
INV-0458,PAY-0425
INV-0459,PAY-0426
INV-0460,PAY-0427
INV-0461,PAY-0428
INV-0462,PAY-0429
INV-0463,PAY-0430
INV-0464,PAY-0431
INV-0465,PAY-0432
INV-0466,PAY-0433
INV-0467,PAY-0434
INV-0468,PAY-0435
INV-0469,PAY-0436
INV-0470,PAY-0437
INV-0471,PAY-0438
INV-0472,PAY-0439
INV-0473,PAY-0440
INV-0474,PAY-0441
INV-0475,PAY-0442
INV-0476,PAY-0443
INV-0477,PAY-0444
INV-0478,PAY-0445
INV-0479,PAY-0446
INV-0480,PAY-0447
INV-0481,PAY-0448
INV-0482,PAY-0449
INV-0486,PAY-0450
INV-0487,PAY-0451
INV-0488,PAY-0452
INV-0489,PAY-0453
INV-0490,PAY-0454
INV-0494,PAY-0455
INV-0495,PAY-0456
INV-0496,PAY-0457
INV-0497,PAY-0458
INV-0498,PAY-0459
INV-0499,PAY-0460
INV-0500,PAY-0461
INV-0504,PAY-0462
INV-0505,PAY-0463
INV-0506,PAY-0464
INV-0507,PAY-0465
INV-0508,PAY-0466
INV-0510,PAY-0467
INV-0511,PAY-0468
INV-0512,PAY-0469
INV-0513,PAY-0470
INV-0515,PAY-0471
INV-0516,PAY-0472
INV-0517,PAY-0473
INV-0518,PAY-0474
INV-0519,PAY-0475
INV-0520,PAY-0476
INV-0521,PAY-0477
INV-0522,PAY-0478
INV-0523,PAY-0479
INV-0524,PAY-0480
INV-0525,PAY-0481
INV-0526,PAY-0482
INV-0527,PAY-0483
INV-0528,PAY-0484
INV-0529,PAY-0485
INV-0530,PAY-0486
INV-0531,PAY-0487
INV-0532,PAY-0488
INV-0533,PAY-0489
INV-0534,PAY-0490
INV-0535,PAY-0491
INV-0536,PAY-0492
INV-0537,PAY-0493
INV-0538,PAY-0494
INV-0539,PAY-0495
INV-0540,PAY-0496
INV-0541,PAY-0497
INV-0542,PAY-0498
INV-0543,PAY-0499
INV-0544,PAY-0500
INV-0545,PAY-0501
INV-0546,PAY-0502
INV-0547,PAY-0503
INV-0548,PAY-0504
INV-0549,PAY-0505
INV-0550,PAY-0506
INV-0551,PAY-0507
INV-0552,PAY-0508
INV-0553,PAY-0509
INV-0554,PAY-0510
INV-0555,PAY-0511
INV-0556,PAY-0512
INV-0557,PAY-0513
INV-0558,PAY-0514
INV-0559,PAY-0515
INV-0560,PAY-0516
INV-0561,PAY-0517
INV-0562,PAY-0518
INV-0563,PAY-0519
INV-0564,PAY-0520
INV-0565,PAY-0521
INV-0566,PAY-0522
INV-0567,PAY-0523
INV-0568,PAY-0524
INV-0569,PAY-0525
INV-0570,PAY-0526
INV-0571,PAY-0527
INV-0572,PAY-0528
INV-0573,PAY-0529
INV-0574,PAY-0530
INV-0575,PAY-0531
INV-0576,PAY-0532
INV-0577,PAY-0533
INV-0578,PAY-0534
INV-0579,PAY-0535
INV-0580,PAY-0536
INV-0581,PAY-0537
INV-0582,PAY-0538
INV-0583,PAY-0539
INV-0584,PAY-0540
INV-0585,PAY-0541
INV-0586,PAY-0542
INV-0588,PAY-0543
INV-0589,PAY-0544
INV-0590,PAY-0545
INV-0591,PAY-0546
INV-0592,PAY-0547
INV-0593,PAY-0548
INV-0594,PAY-0549
INV-0595,PAY-0550
INV-0596,PAY-0551
INV-0597,PAY-0552
INV-0598,PAY-0553
INV-0599,PAY-0554
